Total Enrollment,Number of English Language Learners,ELL as Percent of Total,Sped,Sped as percent of total,Number of Male Students,Male Students as Percent of Total,Number of Female Students,Female Students as Percent of Total,Percent of students receiving free or reduced-price lunch
420.0,35.0,8.333333333333332,89.0,21.19047619047619,210.0,50.0,210.0,50.0,76.8
442.0,64.14285714285714,14.511958629605687,102.57142857142857,23.206205559146735,252.71428571428572,57.17517776341305,189.28571428571428,42.82482223658694,87.31428571428572
514.1428571428571,45.57142857142857,8.863573214781884,102.42857142857143,19.922200611280914,271.2857142857143,52.764656849124755,242.85714285714286,47.235343150875245,70.98571428571428
559.8571428571429,32.714285714285715,5.8433273794335285,147.42857142857142,26.33324827762184,294.0,52.51339627455983,265.85714285714283,47.486603725440155,73.31428571428572
218.5,6.5,2.9748283752860414,19.5,8.924485125858125,96.5,44.16475972540046,122.0,55.83524027459954,77.1
461.2857142857143,60.42857142857143,13.100030969340354,102.71428571428571,22.266955713843295,233.28571428571428,50.57293279653143,228.0,49.42706720346857,84.25714285714285
540.5714285714286,424.7142857142857,78.56765327695561,3.857142857142857,0.7135306553911205,294.57142857142856,54.49260042283298,246.0,45.50739957716702,82.28571428571429
1239.2857142857142,4.333333333333333,0.34966378482228627,43.285714285714285,3.4927953890489913,586.2857142857143,47.308357348703176,653.0,52.69164265129683,17.842857142857145
214.14285714285714,11.142857142857142,5.203468979319546,10.857142857142858,5.070046697798532,90.28571428571429,42.16144096064043,123.85714285714286,57.83855903935957,66.92857142857143
566.5714285714286,1.3333333333333333,0.2353336695242898,2.5714285714285716,0.45385779122541603,174.42857142857142,30.786686838124055,392.14285714285717,69.21331316187596,20.142857142857142
180.0,6.571428571428571,3.6507936507936503,66.0,36.666666666666664,71.42857142857143,39.682539682539684,108.57142857142857,60.317460317460316,65.01428571428572
379.7142857142857,14.0,3.6869826937547026,65.57142857142857,17.2686230248307,161.14285714285714,42.43792325056433,218.57142857142858,57.56207674943566,68.07142857142857
312.14285714285717,18.571428571428573,5.949656750572083,53.142857142857146,17.02517162471396,164.42857142857142,52.677345537757425,147.71428571428572,47.32265446224256,69.35714285714286
353.85714285714283,28.428571428571427,8.03391199031086,43.714285714285715,12.353653613241827,106.0,29.95559144125959,247.85714285714286,70.04440855874043,67.47142857142858
368.2857142857143,6.285714285714286,1.7067494181536074,41.0,11.13266097750194,174.28571428571428,47.323506594259115,194.0,52.676493405740885,68.08571428571429
354.14285714285717,35.0,9.883017345703912,50.714285714285715,14.320290439693423,258.14285714285717,72.89229528035499,96.0,27.107704719645014,68.21428571428571
332.85714285714283,54.714285714285715,16.43776824034335,68.42857142857143,20.557939914163093,173.0,51.97424892703864,159.85714285714286,48.02575107296138,77.67142857142858
239.14285714285714,9.714285714285714,4.062126642771804,31.714285714285715,13.261648745519713,104.14285714285714,43.54838709677419,135.0,56.451612903225815,65.54285714285714
250.42857142857142,10.142857142857142,4.050199657729606,58.42857142857143,23.331431831146606,101.85714285714286,40.67313177410155,148.57142857142858,59.326868225898465,67.64285714285714
201.14285714285714,10.714285714285714,5.326704545454545,28.285714285714285,14.0625,101.85714285714286,50.639204545454554,99.28571428571429,49.36079545454546,52.785714285714285
291.14285714285717,12.571428571428571,4.317958783120706,44.57142857142857,15.309126594700684,0.0,0.0,291.14285714285717,100.0,71.4
434.75,14.5,3.3352501437607818,49.5,11.385853939045429,138.0,31.74238067855089,296.75,68.2576193214491,63.375
262.75,2.0,0.7611798287345386,22.75,8.658420551855375,122.0,46.43196955280685,140.75,53.56803044719315,47.325
222.0,18.666666666666668,8.408408408408409,32.666666666666664,14.714714714714713,123.33333333333333,55.55555555555556,98.66666666666667,44.44444444444445,66.2
205.66666666666666,18.333333333333332,8.914100486223662,46.666666666666664,22.690437601296594,154.66666666666666,75.20259319286872,51.0,24.79740680713128,67.39999999999999
211.66666666666666,181.66666666666666,85.8267716535433,0.5,0.23622047244094488,109.0,51.49606299212599,102.66666666666667,48.50393700787402,85.66666666666667
167.66666666666666,52.0,31.01391650099404,27.666666666666668,16.50099403578529,82.0,48.9065606361829,85.66666666666667,51.093439363817104,75.26666666666667
1444.7142857142858,85.0,5.88351626619203,165.71428571428572,11.470384653416394,706.8571428571429,48.92712350440028,737.8571428571429,51.07287649559973,48.6
449.2857142857143,2.5,0.5564387917329094,37.714285714285715,8.394276629570747,235.14285714285714,52.33704292527822,214.14285714285714,47.66295707472178,18.414285714285715
452.14285714285717,4.428571428571429,0.9794628751974723,19.857142857142858,4.391785150078989,122.14285714285714,27.014218009478668,330.0,72.98578199052133,18.714285714285715
423.85714285714283,3.8,0.8965284799460734,9.142857142857142,2.1570610043815304,169.14285714285714,39.90562858105831,254.71428571428572,60.09437141894169,51.77142857142858
511.14285714285717,4.333333333333333,0.8477734302217252,66.0,12.912241475684738,241.57142857142858,47.26103968697596,269.57142857142856,52.73896031302403,17.142857142857142
682.5714285714286,6.142857142857143,0.8999581414817915,108.0,15.822519882796149,328.57142857142856,48.137295939723735,354.0,51.862704060276265,30.87142857142857
424.85714285714283,3.857142857142857,0.9078681909885677,45.42857142857143,10.692669804976465,194.57142857142858,45.79690652320108,230.28571428571428,54.20309347679893,42.285714285714285
491.57142857142856,1.5,0.3051438535309503,10.428571428571429,2.1214763150247022,174.85714285714286,35.571054925893634,316.7142857142857,64.42894507410637,22.7
568.5714285714286,1.6666666666666667,0.29313232830820773,48.42857142857143,8.517587939698492,214.57142857142858,37.73869346733669,354.0,62.26130653266332,41.1
438.0,44.285714285714285,10.110893672537507,74.0,16.894977168949772,208.71428571428572,47.651663405088065,229.28571428571428,52.348336594911935,72.45714285714286
1610.7142857142858,67.85714285714286,4.212860310421286,127.0,7.884700665188469,481.14285714285717,29.87139689578714,1129.5714285714287,70.12860310421286,69.34285714285714
660.0,30.714285714285715,4.653679653679654,101.14285714285714,15.324675324675324,309.14285714285717,46.83982683982684,350.85714285714283,53.16017316017315,63.12857142857143
127.0,109.5,86.22047244094489,11.0,8.661417322834646,70.0,55.118110236220474,57.0,44.881889763779526,78.75
379.57142857142856,24.428571428571427,6.4358298833270595,72.57142857142857,19.11930748964998,181.57142857142858,47.8359051561912,198.0,52.164094843808805,77.78571428571429
177.5,14.5,8.169014084507042,45.0,25.352112676056336,97.5,54.929577464788736,80.0,45.07042253521127,69.0
168.0,14.5,8.630952380952381,27.0,16.071428571428573,105.5,62.797619047619044,62.5,37.202380952380956,60.75
131.5,124.5,94.67680608365019,1.0,0.7604562737642585,79.5,60.45627376425855,52.0,39.543726235741445,71.4
409.14285714285717,13.571428571428571,3.317039106145251,37.285714285714285,9.113128491620111,152.14285714285714,37.185754189944134,257.0,62.81424581005586,66.64285714285714
1263.2857142857142,283.7142857142857,22.45844170530363,156.42857142857142,12.38267556259188,638.2857142857143,50.52583964717856,625.0,49.47416035282144,67.15714285714286
152.6,5.8,3.800786369593709,2.4,1.5727391874180863,59.2,38.79423328964614,93.4,61.20576671035387,43.42
145.0,46.0,31.724137931034484,36.0,24.82758620689655,78.5,54.137931034482754,133.0,91.72413793103448,73.9
414.57142857142856,25.857142857142858,6.237077877325983,76.57142857142857,18.470020675396277,193.0,46.55410062026189,221.57142857142858,53.445899379738115,69.22857142857143
322.14285714285717,213.71428571428572,66.34146341463413,1.7142857142857142,0.532150776053215,152.42857142857142,47.317073170731696,169.71428571428572,52.6829268292683,82.37142857142858
1893.4285714285713,326.57142857142856,17.247623358985965,235.28571428571428,12.426437301946583,855.0,45.156179266636485,1038.4285714285713,54.843820733363515,69.07142857142857
3182.4285714285716,1.5,0.04713381514566593,8.428571428571429,0.26484715177088475,1841.142857142857,57.853391390223095,1341.2857142857142,42.1466086097769,26.028571428571432
799.2857142857143,43.142857142857146,5.397676496872207,89.0,11.134941912421805,431.57142857142856,53.99463806970509,367.7142857142857,46.0053619302949,64.11428571428571
212.42857142857142,25.142857142857142,11.83591123066577,48.714285714285715,22.93207800941493,117.42857142857143,55.27908540685945,95.0,44.720914593140556,80.37142857142858
126.0,11.0,8.73015873015873,25.0,19.841269841269842,93.0,73.80952380952381,33.0,26.190476190476193,60.0
467.57142857142856,2.3333333333333335,0.4990324880334047,13.571428571428571,2.902535899786129,111.85714285714286,23.92300641613199,355.7142857142857,76.07699358386802,46.542857142857144
2626.5714285714284,311.7142857142857,11.867725443272056,322.42857142857144,12.275644512128794,1305.2857142857142,49.69542042858697,1321.2857142857142,50.30457957141303,68.51428571428572
707.7142857142857,52.142857142857146,7.367783609204684,92.14285714285714,13.019781994348001,271.85714285714283,38.4134033104562,435.85714285714283,61.5865966895438,68.7
204.71428571428572,4.428571428571429,2.1632937892533146,16.285714285714285,7.955338450802511,48.857142857142854,23.866015352407537,155.85714285714286,76.13398464759247,64.94285714285715
213.0,31.0,14.553990610328638,40.0,18.779342723004692,115.0,53.990610328638496,196.0,92.01877934272301,79.1
467.14285714285717,374.0,80.0611620795107,4.0,0.8562691131498471,238.71428571428572,51.10091743119266,228.42857142857142,48.89908256880734,87.47142857142856
392.2857142857143,20.0,5.098324836125273,63.42857142857143,16.168973051711582,159.28571428571428,40.60451565914057,233.0,59.395484340859426,74.52857142857144
430.0,20.285714285714285,4.717607973421926,33.714285714285715,7.840531561461795,210.71428571428572,49.00332225913622,219.28571428571428,50.99667774086378,69.95714285714286
298.42857142857144,154.0,51.60363810435615,4.166666666666667,1.3962023296633157,155.57142857142858,52.13020584011488,142.85714285714286,47.86979415988511,82.98571428571428
437.85714285714283,276.14285714285717,63.06688417618271,11.142857142857142,2.544861337683524,258.14285714285717,58.955954323001635,179.71428571428572,41.04404567699837,83.89999999999999
394.0,45.57142857142857,11.566352429296591,54.142857142857146,13.741841914430747,234.0,59.390862944162436,160.0,40.609137055837564,79.38571428571429
698.5714285714286,11.571428571428571,1.6564417177914113,59.714285714285715,8.548057259713701,332.2857142857143,47.56646216768916,366.2857142857143,52.43353783231084,38.08571428571429
142.42857142857142,1.3333333333333333,0.9361417586091608,1.3333333333333333,0.9361417586091608,58.714285714285715,41.22367101303912,83.71428571428571,58.77632898696088,29.400000000000002
726.8571428571429,15.571428571428571,2.1422955974842766,57.714285714285715,7.9402515723270435,331.2857142857143,45.57783018867924,395.57142857142856,54.42216981132076,74.35714285714286
834.8571428571429,440.14285714285717,52.720739219712534,24.428571428571427,2.926078028747433,455.57142857142856,54.56878850102669,379.2857142857143,45.4312114989733,86.84285714285714
634.2857142857143,32.285714285714285,5.090090090090089,99.71428571428571,15.720720720720719,197.85714285714286,31.193693693693692,436.42857142857144,68.80630630630631,74.32857142857142
83.0,2.0,2.4096385542168677,16.0,19.27710843373494,43.57142857142857,52.49569707401033,39.42857142857143,47.50430292598968,73.72857142857143
1652.5714285714287,53.42857142857143,3.233056708160442,169.0,10.226486860304288,142.71428571428572,8.635892116182573,1509.857142857143,91.36410788381743,70.04285714285714
181.28571428571428,2.8,1.5445232466509062,19.428571428571427,10.717100078802206,80.42857142857143,44.36564223798267,100.85714285714286,55.63435776201734,37.614285714285714
757.7142857142857,45.142857142857146,5.957767722473606,107.14285714285714,14.14027149321267,472.14285714285717,62.311463046757176,285.57142857142856,37.68853695324283,75.22857142857143
1980.857142857143,353.85714285714283,17.863839607673444,255.14285714285714,12.880426943603057,1001.7142857142857,50.569738929756234,979.1428571428571,49.43026107024376,73.89999999999999
1768.142857142857,175.42857142857142,9.921628827664215,277.57142857142856,15.698472974064797,893.1428571428571,50.51304839621879,875.0,49.48695160378121,76.68571428571428
1372.142857142857,35.42857142857143,2.5819885476314424,144.0,10.49453409682457,721.2857142857143,52.56637168141594,650.8571428571429,47.43362831858408,49.31428571428571
700.7142857142857,40.0,5.7084607543323145,106.28571428571429,15.168195718654436,342.42857142857144,48.868501529052,358.2857142857143,51.13149847094801,69.1
211.6,16.2,7.655954631379962,35.8,16.918714555765593,105.0,49.62192816635161,106.6,50.3780718336484,65.02000000000001
338.42857142857144,19.714285714285715,5.825242718446602,42.0,12.410299704516673,123.71428571428571,36.55550865344026,214.71428571428572,63.44449134655973,61.785714285714285
325.85714285714283,45.142857142857146,13.853572994300748,56.0,17.18544498027181,183.28571428571428,56.24725997369575,142.57142857142858,43.75274002630426,62.528571428571425
331.7142857142857,27.714285714285715,8.354866494401378,49.285714285714285,14.857881136950905,184.0,55.469422911283374,147.71428571428572,44.530577088716626,65.42857142857143
188.0,47.0,25.0,45.333333333333336,24.113475177304966,103.66666666666667,55.14184397163121,84.33333333333333,44.85815602836879,73.16666666666667
224.0,49.666666666666664,22.172619047619047,46.666666666666664,20.833333333333332,115.66666666666667,51.636904761904766,108.33333333333333,48.36309523809524,66.10000000000001
185.33333333333334,7.0,3.776978417266187,18.333333333333332,9.89208633093525,86.66666666666667,46.76258992805755,98.66666666666667,53.23741007194245,57.23333333333333
659.2857142857143,43.142857142857146,6.543878656554712,107.28571428571429,16.27302275189599,303.85714285714283,46.08884073672805,355.42857142857144,53.911159263271934,79.45714285714284
159.5,1.5,0.9404388714733543,28.5,17.86833855799373,75.5,47.33542319749217,84.0,52.66457680250783,42.0
1821.0,458.14285714285717,25.15886090844905,191.85714285714286,10.535812348003452,874.7142857142857,48.034831725111786,946.2857142857143,51.96516827488821,71.91428571428571
1107.5714285714287,4.714285714285714,0.42564168708886885,57.142857142857146,5.159293176834773,453.2857142857143,40.926093125241835,654.2857142857143,59.07390687475815,18.87142857142857
2533.5714285714284,6.714285714285714,0.2650126867775585,22.857142857142858,0.9021708486044545,661.7142857142857,26.117846067098956,1871.857142857143,73.88215393290105,20.571428571428573
502.85714285714283,58.42857142857143,11.619318181818183,78.42857142857143,15.59659090909091,205.71428571428572,40.909090909090914,297.14285714285717,59.09090909090909,77.98571428571428
602.0,58.714285714285715,9.753203607024204,90.42857142857143,15.021357380161367,399.2857142857143,66.3265306122449,202.71428571428572,33.673469387755105,76.34285714285714
581.7142857142857,36.57142857142857,6.286836935166994,99.14285714285714,17.043222003929273,265.57142857142856,45.653241650294696,316.14285714285717,54.34675834970532,73.78571428571429
421.2857142857143,9.0,2.136317395727365,12.428571428571429,2.950152594099695,189.42857142857142,44.96439471007121,231.85714285714286,55.03560528992879,54.35
437.42857142857144,15.0,3.429131286740692,74.42857142857143,17.015022860875245,225.42857142857142,51.534944480731546,212.0,48.465055519268454,63.357142857142854
415.75,57.0,13.71016235718581,105.75,25.435959110042095,215.5,51.83403487672881,200.25,48.1659651232712,78.9
405.0,35.57142857142857,8.783068783068783,75.57142857142857,18.659611992945326,175.85714285714286,43.42151675485009,229.14285714285714,56.57848324514991,75.2
1629.5714285714287,89.57142857142857,5.49662487945998,127.85714285714286,7.846059437187691,787.7142857142857,48.33873937056193,841.8571428571429,51.66126062943807,68.28571428571429
366.2857142857143,20.714285714285715,5.6552262090483625,48.142857142857146,13.143525741029643,154.71428571428572,42.238689547581906,211.57142857142858,57.7613104524181,78.04285714285713
350.57142857142856,20.714285714285715,5.9087204563977185,54.57142857142857,15.56642216788916,152.42857142857142,43.480032599836996,198.14285714285714,56.519967400163,73.65714285714286
425.85714285714283,5.857142857142857,1.3753773901375377,23.571428571428573,5.535055350553506,0.0,0.0,425.85714285714283,100.0,69.2
503.57142857142856,39.285714285714285,7.801418439716312,86.57142857142857,17.19148936170213,276.42857142857144,54.8936170212766,227.14285714285714,45.1063829787234,73.54285714285713
317.85714285714283,18.285714285714285,5.752808988764045,69.57142857142857,21.8876404494382,158.28571428571428,49.79775280898877,159.57142857142858,50.20224719101124,73.8
198.6,5.8,2.920443101711984,31.2,15.709969788519636,88.2,44.41087613293052,110.4,55.58912386706949,71.2
733.0,135.0,18.417462482946796,142.0,19.37244201909959,378.0,51.56889495225102,355.0,48.43110504774898,79.1
180.0,7.0,3.888888888888889,17.0,9.444444444444445,76.0,42.22222222222222,104.0,57.77777777777777,77.5
211.71428571428572,7.333333333333333,3.4637876743139895,18.0,8.502024291497975,88.28571428571429,41.70040485829959,123.42857142857143,58.2995951417004,66.77142857142857
367.57142857142856,22.857142857142858,6.218422075398368,45.714285714285715,12.436844150796736,187.71428571428572,51.068791294209106,179.85714285714286,48.93120870579091,76.22857142857143
430.5,2.0,0.4645760743321719,1.5,0.34843205574912894,208.0,48.31591173054588,222.5,51.68408826945412,44.5
347.2,29.8,8.582949308755762,68.4,19.700460829493093,159.4,45.91013824884793,187.8,54.08986175115208,69.96000000000001
283.8,11.8,4.157857646229739,39.0,13.742071881606766,61.6,21.705426356589147,222.2,78.29457364341084,79.08
430.57142857142856,9.571428571428571,2.2229595222295955,42.142857142857146,9.787657597876578,156.0,36.23092236230923,274.57142857142856,63.76907763769077,72.94285714285715
1503.2857142857142,18.714285714285715,1.2448921410244227,93.14285714285714,6.19595172479331,738.0,49.09246412619975,765.2857142857143,50.90753587380025,62.94285714285714
572.0,8.857142857142858,1.5484515484515486,52.857142857142854,9.24075924075924,258.2857142857143,45.154845154845155,313.7142857142857,54.845154845154845,68.25714285714285
519.8571428571429,68.42857142857143,13.162956856279198,94.14285714285714,18.109370706237975,253.85714285714286,48.83209672987084,266.0,51.16790327012916,68.41428571428571
428.57142857142856,1.3333333333333333,0.3111111111111111,4.285714285714286,1.0,272.14285714285717,63.500000000000014,156.42857142857142,36.5,18.342857142857145
423.0,108.0,25.53191489361702,68.0,16.07565011820331,229.0,54.1371158392435,194.0,45.8628841607565,99.2
460.0,42.75,9.293478260869566,72.5,15.760869565217392,188.5,40.97826086956522,271.5,59.02173913043478,78.725
395.0,143.0,36.20253164556962,83.0,21.012658227848103,211.0,53.417721518987335,184.0,46.58227848101266,77.1
438.25,124.5,28.40844266970907,81.5,18.596691386195094,228.25,52.08214489446663,210.0,47.91785510553337,85.4
471.0,100.0,21.231422505307858,84.25,17.887473460721868,260.75,55.360934182590235,210.25,44.639065817409765,92.15
131.66666666666666,26.333333333333332,20.0,51.0,38.734177215189874,71.0,53.92405063291139,60.666666666666664,46.07594936708861,85.60000000000001
672.0,237.57142857142858,35.35289115646258,85.71428571428571,12.755102040816327,394.57142857142856,58.71598639455782,277.42857142857144,41.284013605442176,85.87142857142858
611.7142857142857,164.85714285714286,26.950023353573098,70.28571428571429,11.489957963568429,365.7142857142857,59.78514712751052,246.0,40.214852872489494,85.3
659.5714285714286,171.14285714285714,25.9475850119125,80.85714285714286,12.259042668399395,347.42857142857144,52.674897119341566,312.14285714285717,47.32510288065844,78.98571428571428
662.7142857142857,194.57142857142858,29.359775813752968,83.14285714285714,12.545807286053028,339.57142857142856,51.23949126967019,323.14285714285717,48.76050873032982,83.85714285714286
1469.2857142857142,46.0,3.1307729703451628,94.14285714285714,6.407389402041809,695.7142857142857,47.35051045211473,773.5714285714286,52.649489547885274,69.15714285714286
441.0,340.7142857142857,77.25947521865889,1.0,0.22675736961451248,205.57142857142858,46.614836410754776,235.42857142857142,53.385163589245224,93.89999999999999
1064.0,128.5,12.077067669172932,197.0,18.515037593984964,489.5,46.005639097744364,574.5,53.994360902255636,83.5
587.0,102.0,17.37649063032368,136.0,23.168654173764907,296.0,50.4258943781942,291.0,49.57410562180579,91.9
542.1428571428571,35.42857142857143,6.534914361001317,97.28571428571429,17.944664031620555,250.42857142857142,46.19235836627141,291.7142857142857,53.8076416337286,80.71428571428571
136.28571428571428,7.0,5.136268343815513,9.857142857142858,7.232704402515725,50.142857142857146,36.79245283018868,86.14285714285714,63.20754716981132,74.37142857142858
276.5,235.0,84.99095840867993,6.8,2.4593128390596743,148.0,53.52622061482821,128.5,46.473779385171795,85.0
85.0,1.0,1.1764705882352942,8.0,9.411764705882353,10.0,11.76470588235294,75.0,88.23529411764706,60.0
162.0,7.4,4.567901234567901,12.8,7.901234567901234,67.8,41.85185185185185,94.2,58.14814814814815,76.53999999999999
126.75,11.0,8.678500986193294,8.5,6.70611439842209,43.5,34.319526627218934,83.25,65.68047337278107,74.15
343.7142857142857,27.857142857142858,8.104738154613466,57.857142857142854,16.83291770573566,149.85714285714286,43.599334995843726,193.85714285714286,56.40066500415628,85.72857142857143
344.2857142857143,34.0,9.87551867219917,60.142857142857146,17.468879668049794,175.85714285714286,51.07883817427387,168.42857142857142,48.92116182572614,77.27142857142857
439.14285714285717,24.571428571428573,5.595315549772284,33.0,7.514638906961613,192.14285714285714,43.75406636304489,247.0,56.2459336369551,86.37142857142858
539.7142857142857,31.0,5.743779777660138,60.57142857142857,11.222869242985707,230.42857142857142,42.69454737956591,309.2857142857143,57.305452620434096,67.55714285714285
432.0,53.714285714285715,12.433862433862435,72.14285714285714,16.69973544973545,190.85714285714286,44.17989417989418,241.14285714285714,55.820105820105816,83.41428571428571
138.0,28.0,20.28985507246377,27.0,19.565217391304348,117.0,84.78260869565217,21.0,15.217391304347828,60.0
440.14285714285717,46.57142857142857,10.580980201233364,73.14285714285714,16.617981174943196,219.28571428571428,49.821486530347286,220.85714285714286,50.17851346965271,66.62857142857142
335.85714285714283,29.857142857142858,8.889834113143344,61.857142857142854,18.417694598043386,196.0,58.358145470012765,139.85714285714286,41.64185452998724,82.75714285714285
360.42857142857144,14.285714285714286,3.963535473642489,51.142857142857146,14.189456995640112,293.14285714285717,81.33174791914388,67.28571428571429,18.668252080856124,75.57142857142857
455.2857142857143,40.285714285714285,8.848446815186696,79.28571428571429,17.414496391590838,182.42857142857142,40.069030436146846,272.85714285714283,59.930969563853154,78.67142857142858
1098.4285714285713,99.71428571428571,9.077903498504357,210.57142857142858,19.17024320457797,975.0,88.7631681623098,123.42857142857143,11.236831837690207,80.25714285714285
1206.2857142857142,170.28571428571428,14.116532449076265,242.0,20.06158218853624,926.4285714285714,76.80009474182852,279.85714285714283,23.199905258171484,82.71428571428571
607.8571428571429,41.857142857142854,6.886016451233842,82.42857142857143,13.560517038777908,168.0,27.63807285546416,439.85714285714283,72.36192714453583,78.88571428571429
751.0,122.0,16.245006657789617,104.0,13.84820239680426,372.0,49.533954727030626,379.0,50.466045272969374,90.2
656.5,32.5,4.9504950495049505,157.5,23.99086062452399,339.0,51.63747143945163,317.5,48.36252856054836,62.94
400.0,43.333333333333336,10.833333333333334,70.33333333333333,17.583333333333332,177.33333333333334,44.333333333333336,222.66666666666666,55.666666666666664,91.66666666666667
302.1666666666667,8.5,2.8130170987313843,29.333333333333332,9.707666850523992,1.25,0.4136789851075565,301.3333333333333,99.72421400992828,63.96666666666667
414.42857142857144,15.142857142857142,3.6539124439848325,65.71428571428571,15.856601172009649,147.85714285714286,35.67735263702171,266.57142857142856,64.32264736297827,68.08571428571429
431.7142857142857,52.57142857142857,12.177365982792852,78.42857142857143,18.166776968894773,271.7142857142857,62.93845135671741,160.0,37.06154864328259,67.82857142857142
359.14285714285717,56.285714285714285,15.672235481304691,74.28571428571429,20.684168655529035,238.85714285714286,66.50755767700875,120.28571428571429,33.49244232299125,74.67142857142858
432.0,26.857142857142858,6.216931216931218,73.85714285714286,17.09656084656085,233.57142857142858,54.06746031746032,198.42857142857142,45.932539682539684,78.15714285714286
269.6666666666667,32.166666666666664,11.928306551297897,37.166666666666664,13.782447466007413,132.5,49.13473423980222,137.16666666666666,50.865265760197765,82.95
452.0,14.5,3.2079646017699117,99.5,22.013274336283185,273.0,60.39823008849557,179.0,39.60176991150443,83.9
400.0,32.5,8.125,98.0,24.5,186.5,46.625,213.5,53.37499999999999,85.69999999999999
177.8,7.0,3.937007874015748,15.2,8.548931383577052,76.2,42.857142857142854,101.6,57.14285714285714,74.56
4061.8571428571427,330.0,8.12436253648929,665.0,16.371821475046602,2373.714285714286,58.43913762177751,1688.142857142857,41.56086237822249,66.9
116.5,92.0,78.96995708154506,9.5,8.15450643776824,58.5,50.21459227467812,58.0,49.78540772532189,73.6
1279.0,191.25,14.953088350273653,249.75,19.52697419859265,638.25,49.90226739640344,640.75,50.097732603596555,68.625
309.42857142857144,24.428571428571427,7.894736842105263,60.42857142857143,19.529085872576175,146.14285714285714,47.229916897506925,163.28571428571428,52.77008310249307,72.41428571428573
360.2857142857143,43.714285714285715,12.133227597145122,55.42857142857143,15.384615384615385,145.0,40.245836637589214,215.28571428571428,59.754163362410786,73.84285714285714
411.42857142857144,56.57142857142857,13.749999999999998,73.42857142857143,17.84722222222222,188.28571428571428,45.763888888888886,223.14285714285714,54.23611111111111,85.28571428571429
129.0,6.0,4.651162790697675,8.0,6.2015503875969,56.0,43.41085271317829,73.0,56.58914728682171,60.0
330.14285714285717,37.57142857142857,11.380354824751189,71.85714285714286,21.765469493725657,169.0,51.189961055819985,161.14285714285714,48.81003894418001,79.28571428571429
349.57142857142856,23.571428571428573,6.742950551695954,30.714285714285715,8.78626890069473,166.0,47.486718430731514,183.57142857142858,52.5132815692685,81.37142857142858
1393.5714285714287,130.71428571428572,9.379805228088161,246.14285714285714,17.662737057919013,442.2857142857143,31.737570476678624,951.2857142857143,68.26242952332137,80.87142857142858
253.0,20.75,8.201581027667984,55.0,21.73913043478261,134.25,53.063241106719374,118.75,46.93675889328063,83.8
936.0,219.0,23.397435897435898,191.0,20.405982905982906,526.0,56.1965811965812,410.0,43.8034188034188,73.4
350.0,76.42857142857143,21.836734693877553,59.857142857142854,17.10204081632653,174.85714285714286,49.95918367346939,175.14285714285714,50.04081632653061,84.8
404.0,52.0,12.871287128712872,82.0,20.2970297029703,229.0,56.683168316831676,175.0,43.31683168316832,80.4
390.85714285714283,14.428571428571429,3.6915204678362574,66.57142857142857,17.03216374269006,390.85714285714283,100.0,0.0,0.0,65.78571428571429
237.85714285714286,28.428571428571427,11.951951951951951,49.714285714285715,20.9009009009009,237.71428571428572,99.93993993993993,0.5,0.21021021021021022,69.4
490.8,41.4,8.43520782396088,72.4,14.751426242868787,254.8,51.91524042379788,236.0,48.08475957620212,87.58
344.0,19.857142857142858,5.7724252491694354,38.285714285714285,11.129568106312291,154.85714285714286,45.01661129568107,189.14285714285714,54.98338870431893,66.02857142857142
312.7142857142857,24.833333333333332,7.941221257804172,30.714285714285715,9.821836455002284,143.85714285714286,46.002740977615346,168.71428571428572,53.95157606212882,67.47142857142858
342.14285714285717,10.571428571428571,3.089770354906054,28.857142857142858,8.434237995824635,160.0,46.764091858037574,182.14285714285714,53.23590814196242,73.78571428571429
319.42857142857144,38.285714285714285,11.985688729874775,42.285714285714285,13.23792486583184,110.14285714285714,34.48121645796064,209.28571428571428,65.51878354203934,77.8
246.0,34.42857142857143,13.99535423925668,37.285714285714285,15.156794425087108,122.0,49.59349593495935,124.0,50.40650406504065,81.18571428571428
408.14285714285717,66.85714285714286,16.380819040952048,79.71428571428571,19.53097654882744,203.85714285714286,49.947497374868746,204.28571428571428,50.052502625131254,80.5
351.0,47.0,13.390313390313391,56.0,15.954415954415953,156.0,44.44444444444444,195.0,55.55555555555556,91.4
378.3333333333333,40.666666666666664,10.748898678414097,61.0,16.123348017621147,188.0,49.691629955947135,190.33333333333334,50.308370044052865,84.8
282.1666666666667,51.166666666666664,18.133490844654457,40.666666666666664,14.412285883047844,117.0,41.464855286473714,165.16666666666666,58.53514471352628,77.53333333333333
902.3333333333334,194.0,21.499815293683042,211.33333333333334,23.42076099002586,458.6666666666667,50.83117842630218,443.6666666666667,49.16882157369782,78.86666666666667
261.8,229.6,87.70053475935828,3.3333333333333335,1.2732365673542145,132.0,50.42016806722689,129.8,49.57983193277311,83.78
358.2857142857143,283.85714285714283,79.22647527910685,13.142857142857142,3.6682615629984054,172.14285714285714,48.046251993620416,186.14285714285714,51.953748006379584,84.44285714285715
420.0,53.142857142857146,12.653061224489798,78.28571428571429,18.63945578231293,207.42857142857142,49.38775510204081,212.57142857142858,50.612244897959194,83.85714285714286
462.42857142857144,76.0,16.43497065183812,81.42857142857143,17.608897126969417,250.42857142857142,54.15508186592524,212.0,45.84491813407476,79.94285714285715
467.7142857142857,25.285714285714285,5.406230910201588,28.714285714285715,6.1392791692119735,169.0,36.13317043372022,298.7142857142857,63.86682956627978,78.51428571428572
437.57142857142856,116.71428571428571,26.673196212863203,74.71428571428571,17.074763303950373,228.57142857142858,52.236369572314736,209.0,47.76363042768528,80.28571428571429
641.1428571428571,30.285714285714285,4.723707664884136,76.28571428571429,11.898395721925136,268.14285714285717,41.82263814616756,373.0,58.177361853832444,71.82857142857144
497.0,28.142857142857142,5.662546708824374,58.857142857142854,11.842483472262144,236.57142857142858,47.59988502443231,260.42857142857144,52.40011497556769,72.54285714285714
653.8571428571429,45.857142857142854,7.013327507100719,105.57142857142857,16.145947126939042,268.85714285714283,41.11863666156871,385.0,58.88136333843128,75.45714285714287
235.28571428571428,19.857142857142858,8.439587128111718,44.57142857142857,18.94353369763206,29.0,12.325440194292653,206.28571428571428,87.67455980570735,88.05714285714285
569.0,76.33333333333333,13.415348564733451,126.33333333333333,22.202694786174572,297.3333333333333,52.25541886350322,271.6666666666667,47.744581136496784,74.66666666666667
1215.0,91.0,7.489711934156379,139.0,11.440329218106996,573.0,47.160493827160494,642.0,52.8395061728395,76.6
1279.2857142857142,82.42857142857143,6.443327749860414,182.85714285714286,14.293690675600224,656.1428571428571,51.289782244556115,623.1428571428571,48.710217755443885,45.5
357.85714285714283,51.285714285714285,14.331337325349303,61.42857142857143,17.16566866267465,285.7142857142857,79.84031936127745,72.14285714285714,20.159680638722556,80.55714285714285
482.42857142857144,21.142857142857142,4.382588095943145,59.714285714285715,12.37785016286645,168.71428571428572,34.97186852235713,313.7142857142857,65.02813147764289,65.31428571428572
426.85714285714283,39.57142857142857,9.27041499330656,54.57142857142857,12.784471218206159,83.0,19.444444444444446,343.85714285714283,80.55555555555556,79.82857142857142
527.2857142857143,68.85714285714286,13.058791655377947,83.57142857142857,15.849363316174477,299.57142857142856,56.81387157951774,227.71428571428572,43.18612842048225,82.57142857142857
367.14285714285717,292.57142857142856,79.6887159533074,2.5,0.6809338521400777,186.71428571428572,50.856031128404666,180.42857142857142,49.14396887159532,84.62857142857142
401.85714285714283,22.857142857142858,5.6878777106292215,42.714285714285715,10.629221471738358,192.14285714285714,47.813722004976896,209.71428571428572,52.18627799502311,81.89999999999999
730.0,147.0,20.136986301369863,161.0,22.054794520547947,405.0,55.47945205479452,325.0,44.52054794520548,93.9
172.14285714285714,9.571428571428571,5.560165975103734,17.571428571428573,10.20746887966805,67.42857142857143,39.170124481327804,104.71428571428571,60.829875518672196,78.2
500.0,79.0,15.8,123.0,24.6,282.0,56.39999999999999,218.0,43.6,93.0
471.5,378.6666666666667,80.31106398020502,16.666666666666668,3.534817956875221,243.83333333333334,51.71438670908448,227.66666666666666,48.285613290915514,84.81666666666666
1039.857142857143,131.14285714285714,12.61162247561478,149.0,14.328891331226817,533.7142857142857,51.32573155653248,506.14285714285717,48.67426844346751,81.58571428571429
266.2,19.2,7.212622088655146,25.4,9.541697971450038,121.2,45.52967693463562,145.0,54.47032306536439,78.78
201.0,168.75,83.95522388059702,0.0,0.0,113.75,56.59203980099502,87.25,43.407960199004975,87.3
127.0,22.0,17.322834645669293,34.0,26.77165354330709,71.0,55.90551181102362,56.0,44.09448818897638,100.0
1134.6666666666667,371.3333333333333,32.726204465334895,165.33333333333334,14.571092831962398,593.3333333333334,52.29142185663925,541.3333333333334,47.708578143360754,84.2
497.7142857142857,69.14285714285714,13.892078071182548,75.42857142857143,15.154994259471872,181.85714285714286,36.53846153846153,315.85714285714283,63.46153846153846,81.88571428571429
397.0,61.142857142857146,15.401223461676864,66.85714285714286,16.84059014033825,189.85714285714286,47.82295789852465,207.14285714285714,52.177042101475344,84.2
161.0,28.0,17.391304347826086,23.0,14.285714285714285,100.5,62.422360248447205,60.5,37.577639751552795,79.80000000000001
408.85714285714283,36.42857142857143,8.909853249475892,80.57142857142857,19.70649895178197,178.14285714285714,43.57092941998603,230.71428571428572,56.429070580013985,83.37142857142858
510.14285714285717,69.85714285714286,13.693643237188462,80.14285714285714,15.709885186222344,307.42857142857144,60.263231587790536,202.71428571428572,39.736768412209464,83.35714285714286
441.2857142857143,48.42857142857143,10.974425380382002,82.14285714285714,18.61443832955649,183.42857142857142,41.56685011330528,257.85714285714283,58.43314988669472,85.39999999999999
4398.428571428572,780.1428571428571,17.736854071259213,524.5714285714286,11.926337328266587,2102.714285714286,47.80603462275488,2295.714285714286,52.19396537724512,75.14285714285714
353.14285714285717,18.714285714285715,5.299352750809062,25.714285714285715,7.281553398058252,142.42857142857142,40.33171521035598,210.71428571428572,59.66828478964401,76.02857142857144
2770.4285714285716,1.75,0.0631671221574795,5.428571428571429,0.1959469911823854,1563.857142857143,56.448202959830866,1206.5714285714287,43.551797040169134,26.12857142857143
1850.142857142857,393.57142857142856,21.272488610918074,311.14285714285717,16.81723419041001,1144.0,61.83306308393174,706.1428571428571,38.16693691606826,78.98571428571428
433.7142857142857,139.57142857142858,32.18050065876153,18.571428571428573,4.281949934123848,203.42857142857142,46.90382081686429,230.28571428571428,53.0961791831357,87.27142857142857
117.0,38.5,32.9059829059829,4.5,3.8461538461538463,57.75,49.358974358974365,59.25,50.641025641025635,85.1
85.0,83.0,97.6470588235294,0.0,0.0,43.0,50.588235294117645,42.0,49.411764705882355,60.0
397.57142857142856,31.285714285714285,7.869205892921308,48.285714285714285,12.145167085878548,122.14285714285714,30.722242184692778,275.42857142857144,69.27775781530723,82.27142857142857
429.42857142857144,75.71428571428571,17.631403858948765,79.71428571428571,18.562874251497004,219.85714285714286,51.19760479041916,209.57142857142858,48.80239520958084,73.12857142857142
1415.142857142857,213.57142857142858,15.09186351706037,269.85714285714283,19.069250959014738,534.2857142857143,37.75489602261256,880.8571428571429,62.24510397738745,74.2
345.85714285714283,0.5,0.1445683601817431,3.4,0.983064849235853,180.42857142857142,52.168525402726154,165.42857142857142,47.83147459727385,23.114285714285717
725.5,23.0,3.1702274293590627,190.5,26.25775327360441,357.5,49.276361130255,368.0,50.723638869745,45.55
311.0,24.142857142857142,7.762976573265962,21.571428571428573,6.936150666054204,100.14285714285714,32.200275608635735,210.85714285714286,67.79972439136426,75.98571428571428
391.42857142857144,22.428571428571427,5.72992700729927,51.285714285714285,13.102189781021897,153.14285714285714,39.12408759124087,238.28571428571428,60.87591240875911,76.24285714285715
398.7142857142857,26.714285714285715,6.700107488355428,45.714285714285715,11.46542457900394,218.0,54.67574346112505,180.71428571428572,45.324256538874955,79.7
463.7142857142857,27.0,5.822550831792976,67.71428571428571,14.602587800369685,239.28571428571428,51.601971657424514,224.42857142857142,48.39802834257547,77.57142857142857
443.42857142857144,39.142857142857146,8.827319587628866,67.85714285714286,15.302835051546392,366.42857142857144,82.63530927835052,77.0,17.364690721649485,75.82857142857142
459.14285714285717,13.571428571428571,2.9558182949595517,50.57142857142857,11.014312383322961,255.85714285714286,55.724953329184814,203.28571428571428,44.27504667081518,70.37142857142858
411.0,9.0,2.18978102189781,76.0,18.491484184914842,231.0,56.20437956204379,180.0,43.79562043795621,83.0
428.57142857142856,23.571428571428573,5.500000000000001,63.57142857142857,14.833333333333334,119.71428571428571,27.933333333333334,308.85714285714283,72.06666666666666,72.77142857142857
426.2857142857143,29.857142857142858,7.00402144772118,72.0,16.890080428954423,241.28571428571428,56.601876675603215,185.0,43.39812332439678,72.11428571428571
432.0,36.0,8.333333333333332,81.0,18.75,233.0,53.93518518518518,199.0,46.06481481481482,62.2
1482.7142857142858,247.28571428571428,16.67790731284324,306.7142857142857,20.686000578090376,863.1428571428571,58.21370074188265,619.5714285714286,41.786299258117346,62.971428571428575
389.0,17.857142857142858,4.590525156077856,75.14285714285714,19.316929856775612,230.0,59.12596401028277,159.0,40.87403598971722,68.82857142857144
791.3333333333334,92.66666666666667,11.710193765796124,109.66666666666667,13.858466722830665,437.3333333333333,55.2653748946925,354.0,44.734625105307494,74.86666666666666
2510.1428571428573,170.85714285714286,6.806670081384099,549.8571428571429,21.90541232712993,1446.5714285714287,57.62904786295601,1063.5714285714287,42.37095213704399,41.48571428571428
95.0,7.0,7.368421052631578,12.0,12.631578947368421,57.0,60.0,38.0,40.0,60.0
76.0,64.0,84.21052631578947,2.0,2.631578947368421,38.0,50.0,38.0,50.0,60.0
302.57142857142856,230.28571428571428,76.109537299339,3.1666666666666665,1.046584828454517,149.42857142857142,49.386213408876294,153.14285714285714,50.6137865911237,86.8
323.0,30.857142857142858,9.55329500221141,58.857142857142854,18.22202565236621,228.28571428571428,70.67669172932331,94.71428571428571,29.32330827067669,64.45714285714286
388.0,51.142857142857146,13.181148748159059,56.57142857142857,14.580265095729011,222.85714285714286,57.437407952871865,165.14285714285714,42.56259204712813,77.87142857142858
474.7142857142857,11.428571428571429,2.407463135720734,42.0,8.847427023773697,213.0,44.86909419199519,261.7142857142857,55.13090580800481,63.08571428571429
427.7142857142857,37.714285714285715,8.817635270541082,72.0,16.83366733466934,213.57142857142858,49.93319973279893,214.14285714285714,50.06680026720106,76.88571428571429
388.0,54.285714285714285,13.991163475699558,71.14285714285714,18.335787923416788,313.7142857142857,80.8541973490427,74.28571428571429,19.145802650957293,65.98571428571428
476.0,69.0,14.495798319327733,104.0,21.84873949579832,251.0,52.73109243697479,225.0,47.26890756302521,72.7
349.0,68.0,19.484240687679083,82.0,23.49570200573066,176.0,50.429799426934096,173.0,49.570200573065904,76.4
430.5,49.5,11.498257839721255,96.5,22.41579558652729,194.0,45.063879210220676,236.5,54.93612078977933,84.55
331.7142857142857,38.42857142857143,11.584840654608097,58.142857142857146,17.527993109388458,154.0,46.425495262704565,177.71428571428572,53.574504737295435,81.52857142857144
282.0,54.0,19.148936170212767,43.857142857142854,15.552178318135764,140.14285714285714,49.69604863221884,141.85714285714286,50.30395136778115,80.0
297.7142857142857,44.142857142857146,14.827255278310941,48.0,16.122840690978887,146.85714285714286,49.32821497120921,150.85714285714286,50.67178502879079,73.24285714285715
338.57142857142856,25.428571428571427,7.510548523206751,63.142857142857146,18.649789029535867,74.0,21.856540084388186,264.57142857142856,78.14345991561181,71.84285714285714
339.4,42.4,12.49263406010607,65.6,19.32822628167354,165.0,48.61520329994107,174.4,51.384796700058935,83.1
555.8571428571429,64.71428571428571,11.64225134926754,109.57142857142857,19.712156258031353,299.85714285714283,53.9450012850167,256.0,46.05499871498329,80.07142857142857
281.0,26.142857142857142,9.303507880020335,38.857142857142854,13.828164717844432,130.71428571428572,46.51753940010168,150.28571428571428,53.48246059989832,76.62857142857142
357.5,35.5,9.93006993006993,61.0,17.062937062937063,184.5,51.608391608391614,173.0,48.39160839160839,68.75
263.0,251.0,95.43726235741445,1.0,0.38022813688212925,134.5,51.14068441064639,128.5,48.85931558935361,89.775
260.0,8.0,3.076923076923077,19.0,7.307692307692308,98.0,37.69230769230769,162.0,62.30769230769231,71.75
142.66666666666666,5.666666666666667,3.9719626168224305,5.333333333333333,3.7383177570093453,59.333333333333336,41.58878504672898,83.33333333333333,58.41121495327103,73.53333333333335
160.33333333333334,22.333333333333332,13.929313929313928,38.333333333333336,23.90852390852391,67.33333333333333,41.99584199584199,93.0,58.004158004158,70.16666666666667
352.85714285714283,23.428571428571427,6.6396761133603235,33.142857142857146,9.392712550607289,150.71428571428572,42.712550607287454,202.14285714285714,57.28744939271255,76.24285714285715
71.0,8.0,11.267605633802818,13.0,18.30985915492958,33.0,46.478873239436616,38.0,53.52112676056338,60.0
96.0,16.0,16.666666666666664,11.0,11.458333333333332,50.0,52.083333333333336,46.0,47.91666666666667,60.0
332.14285714285717,249.71428571428572,75.18279569892474,1.5,0.4516129032258064,163.0,49.0752688172043,169.14285714285714,50.92473118279569,91.5
341.5,29.833333333333332,8.735968765251343,57.0,16.691068814055637,241.83333333333334,70.81503172279162,99.66666666666667,29.184968277208394,82.93333333333334
489.7142857142857,49.714285714285715,10.15169194865811,116.14285714285714,23.716452742123685,247.57142857142858,50.554259043173865,242.14285714285714,49.445740956826135,85.91428571428571
536.1428571428571,28.285714285714285,5.275779376498801,98.14285714285714,18.305355715427655,273.85714285714283,51.07913669064747,262.2857142857143,48.92086330935252,74.45714285714287
489.42857142857144,60.42857142857143,12.34676007005254,81.85714285714286,16.72504378283713,263.7142857142857,53.882078225335675,225.71428571428572,46.11792177466433,82.92857142857143
492.14285714285717,120.28571428571429,24.44121915820029,100.42857142857143,20.406386066763424,260.57142857142856,52.946298984034826,231.57142857142858,47.05370101596517,84.94285714285715
472.0,21.0,4.4491525423728815,102.0,21.610169491525426,235.0,49.78813559322034,237.0,50.21186440677966,63.6
514.1428571428571,13.857142857142858,2.6951931091969996,93.42857142857143,18.17171436510142,209.71428571428572,40.789108085579336,304.42857142857144,59.210891914420685,66.91428571428571
215.25,6.0,2.7874564459930316,51.5,23.925667828106853,214.0,99.41927990708479,1.25,0.5807200929152149,67.22500000000001
321.2857142857143,10.0,3.112494441974211,50.857142857142854,15.829257447754557,143.71428571428572,44.730991551800805,177.57142857142858,55.26900844819921,70.12857142857142
332.6666666666667,7.166666666666667,2.154308617234469,56.666666666666664,17.03406813627254,161.33333333333334,48.49699398797595,171.33333333333334,51.503006012024045,62.76666666666667
821.0,33.142857142857146,4.036888811553855,75.14285714285714,9.152601357229859,471.14285714285717,57.38646250217505,349.85714285714283,42.61353749782495,57.385714285714286
4726.571428571428,4.142857142857143,0.08765036571359489,24.142857142857142,0.510790062261984,2763.0,58.45674907815995,1963.5714285714287,41.543250921840055,40.32857142857143
379.14285714285717,296.2857142857143,78.14619442351167,0.6666666666666666,0.1758352172820899,190.85714285714286,50.33911077618689,188.28571428571428,49.66088922381311,85.82857142857142
396.14285714285717,4.428571428571429,1.1179228272628923,40.857142857142854,10.313739632167326,125.57142857142857,31.698521456905876,270.57142857142856,68.30147854309412,66.98571428571428
723.4285714285714,23.142857142857142,3.1990521327014214,110.85714285714286,15.323854660347552,367.0,50.7306477093207,356.42857142857144,49.26935229067931,83.07142857142857
289.2857142857143,4.571428571428571,1.580246913580247,44.714285714285715,15.45679012345679,137.57142857142858,47.555555555555564,151.71428571428572,52.44444444444445,71.51428571428572
394.3333333333333,4.0,1.0143702451394758,42.333333333333336,10.73541842772612,0.0,0.0,394.3333333333333,100.0,73.89999999999999
248.0,3.5714285714285716,1.4400921658986174,21.714285714285715,8.755760368663596,112.85714285714286,45.50691244239631,135.14285714285714,54.49308755760368,77.12857142857142
145.42857142857142,1.0,0.68762278978389,6.8,4.6758349705304525,60.42857142857143,41.552062868369354,85.0,58.44793713163065,74.45714285714287
337.85714285714283,1.75,0.517970401691332,13.714285714285714,4.059196617336152,154.57142857142858,45.750528541226224,183.28571428571428,54.24947145877379,52.785714285714285
956.8571428571429,16.0,1.6721409375933114,136.71428571428572,14.287847118542848,639.4285714285714,66.8259181845327,317.42857142857144,33.174081815467304,65.32857142857144
197.5,4.75,2.4050632911392404,15.0,7.59493670886076,108.75,55.06329113924051,88.75,44.936708860759495,71.4
897.4285714285714,1.5,0.16714422158548234,25.714285714285715,2.865329512893983,376.14285714285717,41.91340337472143,521.2857142857143,58.086596625278574,51.271428571428565
235.0,11.0,4.680851063829787,35.666666666666664,15.177304964539006,185.33333333333334,78.86524822695036,49.666666666666664,21.134751773049647,64.56666666666666
883.5714285714286,168.71428571428572,19.09458367016977,228.14285714285714,25.820533548908646,472.2857142857143,53.451899757477776,411.2857142857143,46.54810024252223,81.34285714285714
1613.0,100.0,6.199628022318661,152.0,9.423434593924366,735.0,45.56726596404216,878.0,54.43273403595784,86.8
208.28571428571428,3.857142857142857,1.851851851851852,31.428571428571427,15.089163237311384,96.14285714285714,46.15912208504801,112.14285714285714,53.84087791495199,69.5142857142857
293.5,10.166666666666666,3.4639409426462238,30.0,10.221465076660987,87.0,29.642248722316864,206.5,70.35775127768314,70.43333333333334
238.16666666666666,1.25,0.5248425472358292,3.5,1.4695591322603219,128.16666666666666,53.813855843247026,110.0,46.18614415675298,52.166666666666664
286.0,20.833333333333332,7.284382284382283,39.333333333333336,13.752913752913754,134.5,47.02797202797203,151.5,52.972027972027966,72.38333333333334
1031.857142857143,147.14285714285714,14.260002768932575,114.57142857142857,11.103419631731967,469.7142857142857,45.52125155752457,562.1428571428571,54.47874844247542,73.84285714285714
819.5714285714286,40.42857142857143,4.932891755272792,99.57142857142857,12.149206902562316,375.14285714285717,45.773052117831625,444.42857142857144,54.22694788216839,68.47142857142858
876.1428571428571,96.14285714285714,10.973422468612425,106.14285714285714,12.114788847219957,568.2857142857143,64.8622207728681,307.85714285714283,35.13777922713191,71.92857142857143
340.7142857142857,5.571428571428571,1.6352201257861636,52.714285714285715,15.471698113207546,154.28571428571428,45.283018867924525,186.42857142857142,54.71698113207547,70.15714285714286
373.85714285714283,19.857142857142858,5.311425296140619,49.0,13.106610622850592,282.0,75.4298815437524,91.85714285714286,24.570118456247613,67.67142857142856
436.2857142857143,13.714285714285714,3.143418467583497,46.714285714285715,10.707269155206287,198.42857142857142,45.481335952848724,237.85714285714286,54.518664047151276,76.82857142857142
405.2,51.4,12.685093780848963,76.4,18.854886475814414,217.0,53.55380059230011,188.2,46.4461994076999,73.76
964.0,54.285714285714285,5.631298162418495,196.28571428571428,20.36158861885003,911.2857142857143,94.53171310017784,52.714285714285715,5.46828689982217,67.64285714285714
250.0,8.0,3.2,36.0,14.399999999999999,0.0,0.0,250.0,100.0,63.3
128.25,11.75,9.161793372319687,29.75,23.196881091617932,96.0,74.85380116959064,32.25,25.146198830409354,71.725
231.33333333333334,20.666666666666668,8.93371757925072,39.333333333333336,17.002881844380404,123.66666666666667,53.45821325648416,107.66666666666667,46.54178674351585,73.2
185.57142857142858,27.285714285714285,14.7036181678214,35.0,18.860662047729022,81.42857142857143,43.87990762124711,104.14285714285714,56.12009237875289,78.95714285714287
378.0,41.4,10.952380952380953,128.8,34.074074074074076,196.2,51.9047619047619,181.8,48.095238095238095,89.72
81.0,1.0,1.2345679012345678,25.0,30.864197530864196,33.0,40.74074074074074,48.0,59.25925925925925,60.0
538.2857142857143,23.714285714285715,4.40552016985138,117.57142857142857,21.841825902335454,282.2857142857143,52.44161358811039,256.0,47.55838641188959,64.17142857142856
631.5714285714286,22.142857142857142,3.5059941189776067,184.28571428571428,29.178918796652344,350.57142857142856,55.50780366432934,281.0,44.49219633567066,55.145714285714284
556.5714285714286,23.285714285714285,4.183778234086242,69.85714285714286,12.551334702258728,239.14285714285714,42.96714579055442,317.42857142857144,57.032854209445595,70.58571428571429
508.42857142857144,65.57142857142857,12.896881146389436,75.85714285714286,14.91992132621523,196.14285714285714,38.578252318066866,312.2857142857143,61.42174768193313,75.89999999999999
472.57142857142856,39.142857142857146,8.282950423216445,69.71428571428571,14.752116082224909,239.28571428571428,50.63482466747279,233.28571428571428,49.36517533252721,74.98571428571428
475.42857142857144,57.285714285714285,12.049278846153845,79.0,16.61658653846154,252.28571428571428,53.06490384615385,223.14285714285714,46.93509615384615,69.6
762.8571428571429,32.285714285714285,4.232209737827715,148.57142857142858,19.475655430711612,356.85714285714283,46.779026217228456,406.0,53.22097378277153,73.87142857142858
241.14285714285714,1.4,0.580568720379147,19.142857142857142,7.938388625592417,129.28571428571428,53.61374407582938,111.85714285714286,46.38625592417062,64.45142857142856
195.5,4.4,2.2506393861892584,7.666666666666667,3.9215686274509802,105.66666666666667,54.049445865302644,89.83333333333333,45.950554134697356,66.64999999999999
349.2857142857143,6.571428571428571,1.881390593047035,52.0,14.88752556237219,168.42857142857142,48.22085889570552,180.85714285714286,51.77914110429448,71.28571428571429
655.2857142857143,3.0,0.45781556572923476,44.714285714285715,6.823632003488118,256.14285714285717,39.08872901678657,399.14285714285717,60.91127098321343,50.34285714285714
683.6666666666666,91.66666666666667,13.408093612871772,149.66666666666666,21.89176011701609,336.0,49.146757679180894,347.6666666666667,50.85324232081911,74.93333333333334
107.0,0.0,0.0,4.0,3.7383177570093453,45.0,42.05607476635514,62.0,57.943925233644855,60.0
151.57142857142858,2.6,1.715362865221489,8.428571428571429,5.560791705937794,74.57142857142857,49.19886899151743,77.0,50.80113100848256,68.01428571428572
316.0,14.0,4.430379746835443,91.0,28.79746835443038,175.0,55.379746835443036,141.0,44.620253164556964,87.9
451.0,6.166666666666667,1.3673318551367333,58.714285714285715,13.018688628444727,222.0,49.2239467849224,229.0,50.77605321507761,64.64285714285714
2976.285714285714,48.0,1.6127483920514545,492.14285714285717,16.53547086493232,1724.5714285714287,57.94374580013441,1251.7142857142858,42.056254199865606,56.58571428571429
562.7142857142857,22.571428571428573,4.011170347804012,89.14285714285714,15.841584158415841,271.57142857142856,48.26097994414826,291.14285714285717,51.739020055851746,61.34285714285714
202.2,4.6,2.274975272007913,26.0,12.858555885262119,81.8,40.454995054401586,120.4,59.54500494559842,67.7
134.66666666666666,5.666666666666667,4.207920792079208,25.0,18.564356435643568,69.33333333333333,51.48514851485149,65.33333333333333,48.51485148514851,63.23333333333333
104.0,2.0,1.9230769230769231,13.0,12.5,70.0,67.3076923076923,34.0,32.69230769230769,60.0
1271.0,67.0,5.271439811172305,132.0,10.38552321007081,653.0,51.37686860739576,618.0,48.62313139260424,84.0
970.0,99.0,10.206185567010309,165.0,17.010309278350515,528.0,54.43298969072165,442.0,45.56701030927835,75.2
452.1666666666667,19.2,4.246221894581644,40.833333333333336,9.03059343899742,241.83333333333334,53.483228897899004,210.33333333333334,46.516771102100996,62.333333333333336
6.0,,,,,4.0,66.66666666666666,2.0,33.33333333333333,85.9
249.0,18.166666666666668,7.295850066934404,24.666666666666668,9.906291834002678,120.5,48.393574297188756,128.5,51.606425702811244,63.76666666666667
98.0,7.0,7.142857142857142,28.0,28.57142857142857,52.0,53.06122448979592,46.0,46.93877551020408,72.95
158.0,34.0,21.518987341772153,7.0,4.430379746835443,92.0,58.22784810126582,66.0,41.77215189873418,66.6
176.0,8.666666666666666,4.924242424242424,37.5,21.306818181818183,100.33333333333333,57.00757575757576,75.66666666666667,42.99242424242424,62.5
146.5,22.0,15.017064846416384,40.0,27.303754266211605,85.5,58.36177474402731,61.0,41.63822525597269,53.85
165.66666666666666,18.0,10.865191146881289,32.5,19.61770623742455,160.5,96.88128772635815,58.666666666666664,35.412474849094565,72.3
281.57142857142856,2.142857142857143,0.7610350076103501,19.0,6.747843734145105,123.71428571428571,43.93708777270422,157.85714285714286,56.06291222729579,71.11428571428571
379.85714285714283,331.85714285714283,87.36367055283941,9.142857142857142,2.4069198946972548,209.14285714285714,55.058292591199695,170.71428571428572,44.941707408800305,86.94285714285715
361.2857142857143,12.857142857142858,3.558718861209965,37.57142857142857,10.39936733886912,169.28571428571428,46.8564650059312,192.0,53.14353499406881,75.34285714285714
399.0,14.571428571428571,3.6519871106337267,45.57142857142857,11.42141066953097,207.42857142857142,51.98711063372718,191.57142857142858,48.01288936627282,65.74285714285715
416.0,12.0,2.8846153846153846,49.57142857142857,11.91620879120879,191.85714285714286,46.119505494505496,224.14285714285714,53.880494505494504,67.24285714285715
370.7142857142857,23.142857142857142,6.242774566473988,47.42857142857143,12.793834296724471,208.14285714285714,56.14643545279383,162.57142857142858,43.85356454720617,74.17142857142858
373.2857142857143,23.714285714285715,6.352851128970532,50.857142857142854,13.624186758515117,203.0,54.381936471488714,170.28571428571428,45.618063528511286,71.92857142857143
464.85714285714283,1.0,0.21511985248924403,9.0,1.936078672403196,227.71428571428572,48.98586355255071,237.14285714285714,51.014136447449296,64.57142857142857
412.0,14.285714285714286,3.467406380027739,49.0,11.893203883495145,170.57142857142858,41.400832177531214,241.42857142857142,58.599167822468786,69.85714285714286
388.57142857142856,1.5714285714285714,0.4044117647058824,16.857142857142858,4.338235294117648,91.42857142857143,23.529411764705884,297.14285714285717,76.47058823529413,66.69142857142857
439.7142857142857,16.571428571428573,3.7686809616634185,41.857142857142854,9.519168291098115,231.71428571428572,52.696556205328136,208.0,47.303443794671864,73.9
393.0,2.2857142857142856,0.5816066884769174,38.42857142857143,9.778262450018175,110.85714285714286,28.2079243911305,282.14285714285717,71.79207560886951,67.34285714285714
214.28571428571428,5.571428571428571,2.6,10.0,4.666666666666667,92.85714285714286,43.333333333333336,121.42857142857143,56.666666666666664,70.22857142857143
954.4285714285714,4.5,0.4714863044454423,8.571428571428571,0.8980691513246519,424.7142857142857,44.49932644813651,529.7142857142857,55.500673551863485,52.457142857142856
2056.5714285714284,120.14285714285714,5.841900527924423,210.28571428571428,10.225062517365934,505.85714285714283,24.59711030841901,1550.7142857142858,75.402889691581,69.8442857142857
1066.2857142857142,27.857142857142858,2.6125401929260454,146.0,13.692390139335478,623.0,58.427116827438375,443.2857142857143,41.57288317256163,81.89999999999999
138.0,11.0,7.971014492753622,21.0,15.217391304347828,38.0,27.536231884057973,100.0,72.46376811594203,87.7
507.0,19.0,3.7475345167652856,83.0,16.370808678500985,273.0,53.84615384615385,234.0,46.15384615384615,77.1
1350.4,172.8,12.796208530805686,161.6,11.966824644549762,749.2,55.479857819905206,601.2,44.52014218009479,52.34000000000001
1833.3333333333333,91.5,4.990909090909091,280.8333333333333,15.318181818181817,1015.3333333333334,55.38181818181819,818.0,44.61818181818182,33.1
1016.2,47.4,4.6644361346191685,148.2,14.583743357606767,567.0,55.79610312930525,449.2,44.20389687069474,31.560000000000002
266.6,102.0,38.2595648912228,22.0,8.252063015753938,126.8,47.56189047261815,139.8,52.43810952738185,75.96000000000001
216.8,10.4,4.797047970479705,41.2,19.00369003690037,137.8,63.56088560885609,79.0,36.43911439114391,68.62
243.8,9.0,3.6915504511894994,43.8,17.965545529122227,89.8,36.833470057424115,154.0,63.16652994257588,67.78
207.0,19.8,9.565217391304348,29.2,14.106280193236714,130.6,63.091787439613526,76.4,36.908212560386474,68.02000000000001
228.6,8.6,3.762029746281715,33.4,14.610673665791776,113.6,49.69378827646544,115.0,50.30621172353455,66.3
192.0,3.4,1.7708333333333333,15.0,7.8125,98.2,51.145833333333336,93.8,48.854166666666664,62.46
193.0,4.8,2.4870466321243523,33.6,17.409326424870468,96.2,49.844559585492235,96.8,50.155440414507765,62.94
199.25,14.0,7.026348808030113,38.5,19.32245922208281,133.0,66.75031367628608,66.25,33.24968632371393,68.05
189.0,14.75,7.804232804232804,35.5,18.78306878306878,95.0,50.264550264550266,94.0,49.735449735449734,75.075
288.25,10.25,3.5559410234171724,27.75,9.627059843885515,61.0,21.16218560277537,227.25,78.83781439722462,76.025
182.0,3.0,1.6483516483516485,13.25,7.280219780219781,96.5,53.02197802197802,85.5,46.97802197802198,63.325
163.0,10.5,6.441717791411043,32.25,19.78527607361963,86.0,52.760736196319016,77.0,47.239263803680984,69.15
207.25,21.0,10.132689987937274,26.75,12.907117008443908,125.0,60.313630880579005,82.25,39.68636911942099,78.725
187.0,1.3333333333333333,0.7130124777183601,15.666666666666666,8.37789661319073,92.33333333333333,49.376114081996434,94.66666666666667,50.623885918003566,61.03333333333334
790.0,21.0,2.6582278481012658,143.0,18.10126582278481,399.0,50.50632911392405,391.0,49.49367088607595,85.1
803.0,83.0,10.336239103362391,135.0,16.811955168119553,416.0,51.80572851805728,387.0,48.194271481942714,78.6
982.0,187.66666666666666,19.110658520027155,153.33333333333334,15.614392396469789,496.3333333333333,50.54310930074677,485.6666666666667,49.45689069925322,85.66666666666667
751.0,49.0,6.524633821571238,104.0,13.84820239680426,375.5,50.0,375.5,50.0,97.25
439.57142857142856,3.6,0.8189795255118623,25.142857142857142,5.719857003574911,188.42857142857142,42.86642833929152,251.14285714285714,57.13357166070848,77.75714285714285
1692.4285714285713,450.2857142857143,26.605891786950288,168.28571428571428,9.943445598041698,895.0,52.88258630877015,797.4285714285714,47.11741369122986,64.74285714285715
348.0,20.333333333333332,5.842911877394635,65.0,18.67816091954023,180.66666666666666,51.91570881226053,167.33333333333334,48.08429118773947,66.53333333333335
357.0,13.285714285714286,3.7214885954381756,57.285714285714285,16.046418567426972,270.14285714285717,75.6702681072429,86.85714285714286,24.329731892757103,76.12857142857142
366.7142857142857,22.428571428571427,6.116088819633813,49.857142857142854,13.595636930268796,194.71428571428572,53.0970003895598,172.0,46.9029996104402,72.64285714285714
374.42857142857144,13.714285714285714,3.662724151087371,56.57142857142857,15.108737123235406,162.71428571428572,43.4566959175887,211.71428571428572,56.5433040824113,74.11428571428571
349.2857142857143,12.714285714285714,3.6400817995910018,46.57142857142857,13.333333333333334,113.28571428571429,32.43353783231085,236.0,67.56646216768917,77.45714285714287
289.0,259.6,89.82698961937717,3.0,1.0380622837370241,143.6,49.688581314878896,145.4,50.31141868512111,76.04
1567.7142857142858,27.142857142857142,1.7313650446509934,198.85714285714286,12.68452706396938,1266.0,80.7545106615637,301.7142857142857,19.245489338436304,70.48571428571428
252.0,36.0,14.285714285714285,47.0,18.650793650793652,168.25,66.76587301587301,83.75,33.23412698412698,80.425
256.5,35.0,13.64522417153996,48.25,18.81091617933723,150.25,58.57699805068226,106.25,41.42300194931774,76.95
327.5,40.0,12.213740458015266,33.666666666666664,10.279898218829516,151.5,46.25954198473283,176.0,53.74045801526718,67.11666666666666
1020.7142857142857,41.285714285714285,4.044786564030791,195.14285714285714,19.11826452064381,324.7142857142857,31.812456263121064,696.0,68.18754373687894,77.38571428571429
238.33333333333334,23.0,9.65034965034965,39.0,16.363636363636363,96.33333333333333,40.41958041958041,142.0,59.58041958041957,78.39999999999999
82.0,8.0,9.75609756097561,9.0,10.975609756097562,21.0,25.609756097560975,61.0,74.39024390243902,60.0
3043.285714285714,600.5714285714286,19.73430972163545,413.57142857142856,13.589635262639066,1735.4285714285713,57.02483218326058,1307.857142857143,42.97516781673943,54.98571428571428
1256.2857142857142,56.857142857142854,4.5258130543552415,203.85714285714286,16.226972936092793,682.2857142857143,54.309756652262905,574.0,45.690243347737095,69.74285714285715
4354.857142857143,860.7142857142857,19.764466605432357,438.85714285714283,10.077417661724182,2387.714285714286,54.82876262957617,1967.142857142857,45.171237370423825,38.457142857142856
3479.4285714285716,1219.7142857142858,35.05501724421087,360.14285714285717,10.350632287731976,1969.0,56.5897520118246,1510.4285714285713,43.41024798817539,64.55714285714285
334.5,47.5,14.200298953662182,55.5,16.591928251121075,0.0,0.0,334.5,100.0,83.75
1213.0,167.33333333333334,13.794998625996154,170.33333333333334,14.042319318494092,642.0,52.926628194558944,571.0,47.073371805441056,67.39999999999999
252.28571428571428,207.42857142857142,82.21970554926386,2.6,1.0305775764439413,143.14285714285714,56.73839184597962,109.14285714285714,43.26160815402039,83.04285714285713
351.57142857142856,37.0,10.524177163754572,36.714285714285715,10.442909386428283,168.0,47.7854530678586,183.57142857142858,52.21454693214142,71.54285714285714
272.42857142857144,7.0,2.5694808599895125,40.142857142857146,14.735186156266385,231.14285714285714,84.84530676455164,41.285714285714285,15.154693235448347,70.95714285714286
895.6,271.2,30.281375614113443,82.4,9.200535953550693,452.0,50.468959356855734,443.6,49.531040643144266,64.02000000000001
2629.714285714286,371.42857142857144,14.124293785310735,294.2857142857143,11.190786614515428,1494.7142857142858,56.83941764450239,1135.0,43.16058235549761,46.91428571428571
400.6666666666667,11.666666666666666,2.9118136439267883,57.0,14.22628951747088,225.0,56.15640599001664,175.66666666666666,43.843594009983356,77.06666666666666
3972.0,316.42857142857144,7.966479643216803,459.2857142857143,11.563084448280822,1625.142857142857,40.91497626240829,2346.8571428571427,59.08502373759171,27.085714285714285
2886.4285714285716,422.85714285714283,14.64983914872556,252.85714285714286,8.760207869339272,1385.0,47.9831724820589,1501.4285714285713,52.0168275179411,44.42857142857143
159.4,6.8,4.265997490589711,27.4,17.189460476787954,79.0,49.56085319949812,80.4,50.43914680050189,76.24
150.6,38.0,25.232403718459494,25.4,16.865869853917662,81.6,54.18326693227091,69.0,45.81673306772909,68.22
1357.2857142857142,35.142857142857146,2.589201136722451,249.28571428571428,18.36648773813283,1091.142857142857,80.39153773287022,266.14285714285717,19.608462267129777,74.48571428571428
843.0,51.57142857142857,6.117607185222843,172.0,20.40332147093713,415.14285714285717,49.24589052702932,427.85714285714283,50.754109472970676,50.07142857142857
179.0,2.2,1.229050279329609,15.8,8.8268156424581,90.4,50.502793296089386,88.6,49.497206703910614,79.82000000000001
3831.8571428571427,125.0,3.262125787570369,180.57142857142858,4.712373709130225,1740.2857142857142,45.41624725049398,2091.5714285714284,54.58375274950602,24.985714285714288
3618.285714285714,330.2857142857143,9.128237523689197,355.57142857142856,9.82706885660139,1959.4285714285713,54.153506001263416,1658.857142857143,45.84649399873658,39.55714285714286
2566.0,401.0,15.627435697583788,297.14285714285717,11.580002226923506,1314.142857142857,51.213673310321795,1251.857142857143,48.78632668967821,39.01428571428572
1010.7142857142857,5.714285714285714,0.5653710247349824,65.85714285714286,6.515901060070672,446.0,44.12720848056537,564.7142857142857,55.87279151943463,26.142857142857142
596.8571428571429,2.0,0.3350885591191958,9.571428571428571,1.6036381043561512,205.42857142857142,34.41838200095739,391.42857142857144,65.5816179990426,48.114285714285714
279.3333333333333,1.0,0.35799522673031026,10.666666666666666,3.8186157517899764,128.66666666666666,46.06205250596659,150.66666666666666,53.93794749403341,24.76666666666667
572.0,41.0,7.167832167832168,100.0,17.482517482517483,301.0,52.62237762237763,271.0,47.37762237762238,96.7
517.0,5.714285714285714,1.105277701022382,51.714285714285715,10.002763194252557,247.0,47.77562862669246,270.0,52.22437137330754,70.02857142857142
363.14285714285717,3.4285714285714284,0.9441384736428008,49.857142857142854,13.729346970889061,165.14285714285714,45.47600314712824,198.0,54.52399685287175,70.05428571428571
189.5,5.75,3.034300791556728,24.5,12.928759894459102,87.5,46.17414248021108,102.0,53.825857519788926,55.625
336.0,10.0,2.976190476190476,81.0,24.107142857142858,336.0,100.0,0.0,0.0,67.0
358.6666666666667,21.666666666666668,6.04089219330855,54.5,15.195167286245354,170.83333333333334,47.630111524163574,187.83333333333334,52.36988847583643,63.133333333333326
241.75,6.0,2.481902792140641,19.25,7.96277145811789,108.5,44.88107549120993,133.25,55.118924508790066,76.45
188.0,3.75,1.9946808510638299,21.5,11.436170212765957,81.0,43.08510638297872,107.0,56.91489361702128,71.525
584.8571428571429,6.714285714285714,1.1480214948705423,65.57142857142857,11.211529066927211,208.14285714285714,35.588666340986805,376.7142857142857,64.4113336590132,75.58571428571429
325.7142857142857,28.0,8.596491228070176,29.0,8.903508771929825,150.71428571428572,46.271929824561404,175.0,53.72807017543859,63.105714285714285
306.42857142857144,34.42857142857143,11.235431235431236,44.42857142857143,14.498834498834498,131.57142857142858,42.93706293706293,174.85714285714286,57.06293706293706,66.16285714285713
279.5,32.25,11.538461538461538,45.5,16.27906976744186,132.5,47.40608228980322,147.0,52.59391771019678,70.88
286.0,261.75,91.52097902097903,3.5,1.2237762237762237,147.5,51.57342657342657,138.5,48.42657342657343,57.2
468.0,3.0,0.641025641025641,0.0,0.0,175.0,37.39316239316239,293.0,62.60683760683761,50.205
3297.0,942.5714285714286,28.58876034490229,290.14285714285717,8.800207981281686,1873.142857142857,56.813553446856446,1423.857142857143,43.186446553143554,41.0
2710.714285714286,553.5714285714286,20.421607378129117,282.0,10.403162055335969,1449.7142857142858,53.48089591567853,1261.0,46.51910408432147,43.18571428571429
472.85714285714283,6.714285714285714,1.4199395770392749,47.57142857142857,10.060422960725075,235.14285714285714,49.72809667673716,237.71428571428572,50.27190332326285,62.72571428571428
480.14285714285717,328.14285714285717,68.34275513240107,1.5,0.31240702171972623,225.14285714285714,46.890806307646535,255.0,53.109193692353465,79.81428571428572
781.0,111.42857142857143,14.267422718126943,85.85714285714286,10.993232119992683,344.42857142857144,44.100969453082136,436.57142857142856,55.89903054691787,73.7
542.5714285714286,17.857142857142858,3.2912058978409693,62.857142857142854,11.58504476040021,242.14285714285714,44.62875197472354,300.42857142857144,55.371248025276465,62.18285714285714
248.0,13.0,5.241935483870968,20.0,8.064516129032258,116.0,46.774193548387096,132.0,53.2258064516129,40.0
1247.142857142857,63.142857142857146,5.063001145475372,184.85714285714286,14.822451317296679,757.8571428571429,60.76746849942727,489.2857142857143,39.23253150057274,56.228571428571435
2027.857142857143,61.57142857142857,3.036280380415639,98.42857142857143,4.85382176822825,1743.2857142857142,85.96688974991193,284.57142857142856,14.033110250088058,64.52857142857142
207.5,13.5,6.506024096385541,8.5,4.096385542168675,108.25,52.16867469879518,99.25,47.83132530120482,65.83
1065.0,74.0,6.948356807511737,134.0,12.582159624413144,536.0,50.32863849765258,529.0,49.671361502347416,31.8
323.5,36.0,11.128284389489954,37.5,11.591962905718702,170.5,52.7047913446677,153.0,47.2952086553323,61.45
830.0,104.0,12.530120481927712,99.0,11.927710843373495,422.0,50.84337349397591,408.0,49.1566265060241,60.099999999999994
815.0,208.0,25.52147239263804,78.0,9.570552147239264,443.0,54.355828220858896,372.0,45.644171779141104,68.2
880.0,41.0,4.659090909090909,105.5,11.988636363636363,442.5,50.28409090909091,437.5,49.715909090909086,33.1
1066.5,162.0,15.18987341772152,172.0,16.127519924988277,575.5,53.96155649320207,491.0,46.03844350679794,71.5
457.5,17.0,3.715846994535519,56.5,12.349726775956285,214.25,46.830601092896174,243.25,53.169398907103826,53.3
359.42857142857144,313.0,87.0826709062003,3.5,0.9737678855325914,194.71428571428572,54.17329093799682,164.71428571428572,45.82670906200318,86.3
446.0,66.83333333333333,14.985052316890881,36.0,8.071748878923767,239.83333333333334,53.77428998505231,206.16666666666666,46.22571001494768,59.805
448.1666666666667,3.8333333333333335,0.8553365563406471,83.16666666666667,18.557084417999256,189.0,42.171811082186686,259.1666666666667,57.828188917813314,39.788333333333334
305.0,28.0,9.180327868852459,54.0,17.704918032786885,162.0,53.11475409836065,143.0,46.885245901639344,51.4
3276.4285714285716,770.7142857142857,23.522999781992585,330.42857142857144,10.085022890778287,1629.2857142857142,49.72749073468498,1647.142857142857,50.272509265315016,70.68571428571428
2760.714285714286,621.5714285714286,22.514877102199225,279.42857142857144,10.121604139715396,1510.0,54.69598965071151,1250.7142857142858,45.30401034928849,65.31428571428572
1095.0,0.0,0.0,2.857142857142857,0.2609262883235486,329.0,30.04566210045662,766.0,69.95433789954339,28.47142857142857
420.42857142857144,34.0,8.086986068637444,24.857142857142858,5.912334352701325,215.14285714285714,51.17227319062181,205.28571428571428,48.82772680937818,61.66857142857143
622.5714285714286,32.42857142857143,5.2088113813676,100.85714285714286,16.200091785222583,320.57142857142856,51.49150986691142,302.0,48.50849013308857,35.457142857142856
190.6,2.6,1.3641133263378804,16.6,8.709338929695699,98.2,51.52151101783841,92.4,48.4784889821616,52.646
1022.5,38.0,3.7163814180929093,103.0,10.073349633251834,530.5,51.882640586797066,492.0,48.117359413202934,13.1
1226.0,99.0,8.075040783034257,155.0,12.64274061990212,638.0,52.039151712887445,588.0,47.96084828711256,35.1
4008.8571428571427,242.14285714285714,6.040196707290998,313.2857142857143,7.814838571734017,1884.5714285714287,47.01019171833797,2124.285714285714,52.98980828166203,22.27142857142857
4353.285714285715,508.2857142857143,11.67590982180947,423.7142857142857,9.733206445049715,2139.1428571428573,49.13858169527122,2214.1428571428573,50.86141830472878,36.25714285714286
2936.8571428571427,205.85714285714286,7.009436715633817,294.14285714285717,10.01556571650939,1550.5714285714287,52.79696468528068,1386.2857142857142,47.20303531471933,30.842857142857145
3691.0,272.0,7.369276618802492,270.85714285714283,7.338313271664666,1770.142857142857,47.95835429809963,1920.857142857143,52.04164570190037,43.55714285714286
1124.142857142857,25.285714285714285,2.249332825009531,145.85714285714286,12.974965052738597,506.7142857142857,45.07561316558648,617.4285714285714,54.92438683441353,34.028571428571425
1850.0,131.0,7.081081081081081,185.0,10.0,939.0,50.75675675675676,911.0,49.24324324324324,67.0
354.85714285714283,9.428571428571429,2.6570048309178746,32.57142857142857,9.178743961352657,175.28571428571428,49.39613526570049,179.57142857142858,50.60386473429952,67.08571428571429
560.8571428571429,6.714285714285714,1.1971472236372898,48.857142857142854,8.711156393275598,262.14285714285717,46.7396841569027,298.7142857142857,53.260315843097295,63.714285714285715
194.5,22.0,11.311053984575835,28.25,14.524421593830333,111.0,57.0694087403599,83.5,42.9305912596401,77.605
356.25,17.25,4.842105263157895,56.75,15.929824561403509,168.0,47.1578947368421,188.25,52.84210526315789,66.705
320.0,29.75,9.296875,43.25,13.515625,134.75,42.109375,185.25,57.89062499999999,69.68
844.2,0.5,0.05922767116796967,6.4,0.7581141909500119,379.6,44.96564795072258,464.6,55.03435204927742,36.32
145.0,12.5,8.620689655172415,22.5,15.517241379310345,89.0,61.37931034482759,56.0,38.62068965517241,67.2
98.0,8.0,8.16326530612245,23.0,23.46938775510204,53.0,54.08163265306123,45.0,45.91836734693878,60.0
1318.2857142857142,47.0,3.5652362375379285,199.71428571428572,15.149544863459038,743.4285714285714,56.393584742089296,574.8571428571429,43.60641525791071,63.128571428571426
1597.0,89.71428571428571,5.617675999642186,259.85714285714283,16.271580642275694,916.2857142857143,57.37543608551749,680.7142857142857,42.62456391448251,70.41428571428571
625.1666666666666,79.66666666666667,12.743268461743536,101.0,16.155691815515862,313.8333333333333,50.1999466808851,311.3333333333333,49.8000533191149,81.61666666666666
3293.5714285714284,530.2857142857143,16.100628930817614,364.7142857142857,11.07351984385166,1701.4285714285713,51.65907612231619,1592.142857142857,48.3409238776838,43.042857142857144
3297.8571428571427,373.57142857142856,11.327701970976825,369.42857142857144,11.20207927225471,1789.857142857143,54.273337665150535,1508.0,45.72666233484947,75.22857142857143
641.5,3.5,0.5455962587685114,30.333333333333332,4.7285009093270975,423.1666666666667,65.96518576253573,218.33333333333334,34.034814237464275,63.88833333333333
870.0,28.0,3.218390804597701,137.0,15.747126436781608,457.0,52.52873563218391,413.0,47.47126436781609,64.3
1110.7142857142858,133.0,11.974276527331188,228.57142857142858,20.578778135048232,596.7142857142857,53.72347266881028,514.0,46.27652733118971,48.94285714285714
926.6,73.6,7.943017483272177,114.8,12.389380530973451,514.4,55.51478523634793,412.2,44.48521476365206,40.46
406.3333333333333,0.5,0.12305168170631665,36.0,8.859721082854799,209.0,51.43560295324037,197.33333333333334,48.564397046759645,71.03333333333335
272.25,17.75,6.519742883379247,38.25,14.049586776859504,140.0,51.42332415059688,132.25,48.576675849403124,68.155
146.5,18.0,12.286689419795222,16.5,11.262798634812286,69.5,47.44027303754266,77.0,52.55972696245734,62.8
129.5,28.0,21.62162162162162,16.0,12.355212355212355,65.5,50.57915057915058,64.0,49.42084942084942,67.65
259.0,5.0,1.9305019305019304,15.5,5.984555984555985,119.0,45.94594594594595,140.0,54.054054054054056,77.95
224.0,10.0,4.464285714285714,16.0,7.142857142857142,104.0,46.42857142857143,120.0,53.57142857142857,60.0
3762.714285714286,352.42857142857144,9.366338889099813,330.2857142857143,8.777857929306352,1877.5714285714287,49.89938873913209,1885.142857142857,50.10061126086791,32.57142857142857
1607.857142857143,231.14285714285714,14.3758329631275,152.0,9.453576188360728,856.4285714285714,53.26521545979565,751.4285714285714,46.73478454020435,35.58571428571428
3241.1428571428573,393.7142857142857,12.147390691114245,265.2857142857143,8.184943582510577,1380.4285714285713,42.590796897038075,1860.7142857142858,57.40920310296191,50.65714285714286
2510.4285714285716,33.285714285714285,1.325897683946964,204.0,8.126102543674955,1670.0,66.52250611733909,840.4285714285714,33.477493882660895,40.42857142857143
636.4285714285714,1.0,0.15712682379349047,7.5,1.1784511784511784,231.28571428571428,36.34118967452301,405.14285714285717,63.65881032547699,50.31428571428571
537.0,16.0,2.97951582867784,83.0,15.456238361266294,264.5,49.25512104283054,272.5,50.74487895716946,41.15
396.42857142857144,1.3333333333333333,0.3363363363363363,2.142857142857143,0.5405405405405405,205.57142857142858,51.85585585585586,190.85714285714286,48.14414414414414,27.014285714285716
549.4285714285714,6.857142857142857,1.2480499219968797,57.714285714285715,10.504420176807072,262.14285714285717,47.711908476339055,287.2857142857143,52.28809152366094,48.528571428571425
379.2,7.8,2.0569620253164556,27.8,7.331223628691983,0.0,0.0,379.2,100.0,64.9
612.0,41.0,6.699346405228758,110.0,17.973856209150327,314.0,51.307189542483655,298.0,48.69281045751634,70.2
783.0,20.5,2.6181353767560664,116.5,14.878671775223498,417.0,53.25670498084292,366.0,46.74329501915709,39.7
303.14285714285717,11.333333333333334,3.73861137291863,32.57142857142857,10.744580584354381,163.42857142857142,53.91140433553251,139.71428571428572,46.088595664467476,51.49142857142857
435.85714285714283,5.142857142857143,1.1799410029498527,56.714285714285715,13.012127171419207,223.42857142857142,51.261881350376925,212.42857142857142,48.738118649623075,48.37714285714286
372.42857142857144,10.142857142857142,2.72343690065209,50.285714285714285,13.502109704641349,197.28571428571428,52.97276563099348,175.14285714285714,47.027234369006514,68.8
404.85714285714283,10.0,2.470007057163021,41.714285714285715,10.303458009880028,196.57142857142858,48.55328158080452,208.28571428571428,51.44671841919548,56.57142857142857
309.6666666666667,6.333333333333333,2.045209903121636,44.833333333333336,14.477933261571582,134.16666666666666,43.32615715823466,175.5,56.673842841765335,53.68833333333333
112.5,3.0,2.666666666666667,15.5,13.777777777777779,62.0,55.111111111111114,50.5,44.888888888888886,65.55
189.66666666666666,13.333333333333334,7.029876977152901,25.0,13.18101933216169,114.0,60.105448154657296,75.66666666666667,39.89455184534271,21.866666666666664
484.14285714285717,16.0,3.304809678371201,39.714285714285715,8.20300973738566,295.2857142857143,60.99144290351135,188.85714285714286,39.00855709648864,38.385714285714286
495.0,8.0,1.6161616161616161,57.57142857142857,11.63059163059163,223.28571428571428,45.108225108225106,271.7142857142857,54.891774891774894,36.457142857142856
465.85714285714283,16.0,3.434529285495247,67.85714285714286,14.566084023305736,306.42857142857144,65.77736890524379,159.42857142857142,34.22263109475621,32.22857142857143
495.0,13.571428571428571,2.7417027417027415,49.714285714285715,10.043290043290042,218.71428571428572,44.18470418470419,276.2857142857143,55.81529581529582,52.971428571428575
783.0,94.0,12.005108556832694,153.0,19.54022988505747,391.0,49.936143039591315,392.0,50.06385696040868,79.7
418.6666666666667,25.333333333333332,6.050955414012738,21.666666666666668,5.17515923566879,0.0,0.0,418.6666666666667,100.0,74.0
269.0,7.5,2.7881040892193307,38.75,14.405204460966543,141.0,52.41635687732342,128.0,47.58364312267658,64.42999999999999
3172.5714285714284,642.4285714285714,20.249459654178676,329.57142857142856,10.38814841498559,1688.4285714285713,53.21956051873199,1484.142857142857,46.78043948126801,29.7
3427.285714285714,444.57142857142856,12.971530990788214,412.7142857142857,12.042015755908468,1773.4285714285713,51.744404151556836,1653.857142857143,48.255595848443164,64.75714285714285
667.4285714285714,3.5714285714285716,0.5351027397260275,15.0,2.247431506849315,207.28571428571428,31.05736301369863,460.14285714285717,68.94263698630138,25.157142857142855
924.4285714285714,90.85714285714286,9.828465461288827,126.71428571428571,13.70730953484778,615.1428571428571,66.54303817029825,309.2857142857143,33.45696182970174,65.64285714285714
981.2857142857143,835.4285714285714,85.13611879458436,0.6666666666666666,0.06793807929344398,520.1428571428571,53.006260008734884,461.14285714285717,46.9937399912651,76.8
655.2857142857143,34.714285714285715,5.297580117724002,52.42857142857143,8.000872029649008,288.0,43.95029431000654,367.2857142857143,56.04970568999346,49.142857142857146
423.7142857142857,2.3333333333333335,0.5506855473140032,1.6666666666666667,0.3933468195100023,183.28571428571428,43.256911665542816,240.42857142857142,56.743088334457184,35.72857142857143
373.85714285714283,1.0,0.2674818494459305,43.142857142857146,11.539931218953,156.28571428571428,41.80359189912114,217.57142857142858,58.19640810087887,27.445714285714285
261.25,3.5,1.3397129186602872,62.0,23.732057416267942,137.75,52.72727272727272,123.5,47.27272727272727,43.31
1284.7142857142858,21.0,1.634604692538641,186.57142857142858,14.522406316023574,649.4285714285714,50.55042811075281,635.2857142857143,49.449571889247196,30.428571428571427
2390.4285714285716,123.71428571428571,5.175401900436263,376.0,15.729396999940237,1243.2857142857142,52.01099623498475,1147.142857142857,47.989003765015234,41.728571428571435
2361.4285714285716,114.57142857142857,4.85178463399879,383.2857142857143,16.231094978826373,1218.857142857143,51.61524500907441,1142.5714285714287,48.38475499092559,44.457142857142856
2684.5714285714284,152.71428571428572,5.688590889740316,360.14285714285717,13.415283099191146,1255.5714285714287,46.76990208599405,1429.0,53.23009791400596,50.199999999999996
3856.0,57.57142857142857,1.4930349733254296,463.7142857142857,12.0257854179016,1932.2857142857142,50.111144042679314,1923.7142857142858,49.888855957320686,11.985714285714286
3268.4285714285716,106.85714285714286,3.2693736614362514,528.5714285714286,16.17203549106167,1643.2857142857142,50.27754709558984,1625.142857142857,49.722452904410154,29.67142857142857
164.42857142857142,5.571428571428571,3.388357949609036,22.0,13.379669852302348,75.71428571428571,46.046915725456124,88.71428571428571,53.95308427454387,52.05714285714286
741.7142857142857,24.714285714285715,3.332049306625578,182.85714285714286,24.653312788906014,498.42857142857144,67.19953775038522,243.28571428571428,32.800462249614796,50.24285714285715
956.7142857142857,1.0,0.10452441391667912,6.428571428571429,0.6719426608929372,528.5714285714286,55.24861878453039,428.14285714285717,44.751381215469614,10.214285714285714
43.0,5.0,11.627906976744185,3.0,6.976744186046512,26.0,60.46511627906976,17.0,39.53488372093023,60.0
972.0,143.0,14.7119341563786,116.0,11.934156378600823,497.0,51.13168724279835,475.0,48.86831275720165,75.3
282.0,64.66666666666667,22.931442080378254,37.833333333333336,13.416075650118204,138.66666666666666,49.1725768321513,143.33333333333334,50.82742316784871,81.78333333333333
253.0,66.5,26.284584980237153,60.0,23.715415019762844,140.5,55.533596837944664,112.5,44.466403162055336,65.9
661.8571428571429,82.57142857142857,12.475717677530756,65.85714285714286,9.95035614072955,320.14285714285717,48.37038635873084,341.7142857142857,51.62961364126916,84.5
417.14285714285717,62.857142857142854,15.068493150684931,62.857142857142854,15.068493150684931,199.85714285714286,47.910958904109584,217.28571428571428,52.08904109589041,82.60000000000001
443.42857142857144,78.42857142857143,17.686855670103093,72.42857142857143,16.33376288659794,223.0,50.28994845360825,220.42857142857142,49.710051546391746,75.78571428571429
252.42857142857142,8.285714285714286,3.282399547255235,14.571428571428571,5.772495755517827,131.28571428571428,52.009054895302775,121.14285714285714,47.99094510469723,91.5
443.85714285714283,88.57142857142857,19.954940457032507,67.14285714285714,15.127132281943997,210.28571428571428,47.37689089153525,233.57142857142858,52.62310910846476,89.61428571428571
380.2857142857143,16.857142857142858,4.43275732531931,29.571428571428573,7.776108189331331,183.28571428571428,48.196844477836216,197.0,51.80315552216379,83.28571428571429
