DBN,ell_num,sped_num,asian_num,black_num,hispanic_num,white_num,male_num,female_num,Total Cohort #,Total Grads #,Total Regents #,Advanced Regents #,Regents w/o Advanced #,Local #,Still Enrolled #,Dropped Out #,School Name,Year,Total Enrollment,# Female,# Male,# Asian,# Black,# Hispanic,# Multi-Racial,# Native American,# White,# English Language Learners,# Poverty,Economic Need Index
01M292,52,124,56,158,272,12,281,234,5,4,0,0,0,4,0,1,Orchard Collegiate Academy,2019-20,226,101,125,27,58,127,0,4,6,21,191,87.8
01M448,54,111,110,128,232,18,275,213,59,31,19,3,16,12,20,6,University Neighborhood High School,2017-18,465,198,267,141,100,206,1,2,15,49,415,82.9
01M450,27,146,34,145,326,33,285,261,76,65,64,0,64,1,9,2,East Side Community School,2017-18,683,317,366,81,113,367,6,6,100,6,447,62.9
01M458,4,19,3,59,136,8,96,117,70,12,9,0,9,3,15,40,Forsyth Satellite Academy,2017-18,203,117,86,1,70,121,1,1,9,16,176,85
01M515,462,4,501,24,24,2,314,237,234,59,59,37,22,0,70,104,Lower East Side Preparatory High School,2017-18,557,237,320,318,58,165,0,6,10,392,431,95
01M539,7,47,373,172,234,660,705,775,58,55,55,42,13,0,2,1,"New Explorations into Science, Technology and Math",2017-18,1734,831,903,575,134,204,107,13,692,14,415,28.2
01M650,7,15,1,99,108,9,87,131,5,2,0,0,0,2,0,2,Cascades High School,2017-18,241,132,109,10,95,127,0,4,5,7,205,85.5
01M696,2,4,87,84,95,313,187,401,146,145,145,0,145,0,0,1,Bard High School Early College,2017-18,588,371,217,167,80,100,11,0,230,1,259,41.4
02M047,4,94,9,54,117,28,87,125,38,31,26,4,22,5,5,1,47 The American Sign Language and English Secondar,2017-18,165,123,42,3,47,107,0,0,5,13,146,83.6
02M288,9,80,13,191,206,21,195,238,15,10,4,0,4,6,1,2,Food and Finance High School,2017-18,378,211,167,17,150,188,2,1,10,20,335,78.8
02M294,18,67,17,95,191,24,177,151,81,64,55,0,55,9,1,15,Essex Street Academy,2017-18,340,188,152,21,130,139,4,5,20,12,239,71.7
02M296,40,62,22,111,277,9,135,284,41,35,34,0,34,1,5,0,High School of Hospitality Management,2017-18,391,280,111,16,110,235,1,7,10,37,361,86.2
02M298,9,52,45,150,172,28,186,227,6,5,5,3,2,0,0,0,Pace High School,2017-18,537,311,225,43,177,272,2,0,21,13,435,74.9
02M300,14,17,10,57,115,9,146,62,56,42,36,1,35,6,0,14,"Urban Assembly School of Design and Construction,",2017-18,356,104,252,18,86,239,0,2,5,37,308,87
02M303,20,17,3,29,73,4,72,42,10,5,5,0,5,0,0,4,"Facing History School, The",2017-18,382,174,208,5,94,271,0,1,6,57,316,87.1
02M305,2,9,5,32,35,9,44,38,55,40,33,1,32,7,0,13,"Urban Assembly Academy of Government and Law, The",2017-18,307,166,141,11,123,162,1,2,8,17,267,85.8
02M308,1,14,7,39,30,3,37,46,67,58,56,1,55,2,2,5,Lower Manhattan Arts Academy,2017-18,329,234,95,27,91,183,0,4,9,21,249,82.1
02M313,4,6,2,34,37,7,35,48,14,9,4,0,4,5,3,0,"James Baldwin School, The: A School for Expedition",2017-18,258,133,125,7,106,130,2,0,13,16,212,80.3
02M316,1,11,1,26,68,3,,107,33,25,23,0,23,2,0,7,"Urban Assembly School of Business for Young Women,",2017-18,232,232,0,6,136,72,4,1,6,12,195,80.5
02M374,17,42,3,193,171,14,144,239,88,77,72,1,71,5,9,2,Gramercy Arts High School,2017-18,491,364,127,18,176,238,4,7,30,8,407,76.3
02M376,,6,10,28,40,21,41,59,105,103,103,0,103,0,0,2,NYC iSchool,2017-18,457,251,205,39,79,110,9,5,188,5,185,39.4
02M392,9,18,11,33,63,7,58,64,40,36,33,4,29,3,1,3,Manhattan Business Academy,2017-18,423,190,233,22,87,287,1,3,16,32,385,80.6
02M393,9,23,4,33,58,7,89,14,72,53,43,0,43,10,7,6,Business Of Sports School,2017-18,426,178,248,6,143,261,0,2,10,36,317,80.5
02M394,136,1,93,3,51,3,76,74,35,20,20,10,10,0,8,7,Emma Lazarus High School,2017-18,296,139,157,134,30,98,0,8,26,237,281.2,95
02M399,36,13,43,15,34,6,49,51,20,11,10,3,7,1,9,0,The High School For Language And Diplomacy,2017-18,327,176,151,102,65,137,0,2,15,46,259,82.9
02M400,76,137,238,318,603,253,702,772,12,5,3,0,3,2,2,5,High School for Environmental Studies,2017-18,1194,608,586,145,196,756,0,9,79,101,980,79.7
02M407,,32,31,101,102,182,222,199,20,18,0,0,0,18,1,1,Institute for Collaborative Education,2017-18,492,230,262,34,94,82,22,4,256,4,129,33.1
02M408,2,19,16,102,75,193,115,305,38,37,34,7,27,3,0,1,Professional Performing Arts High School,2017-18,565,423,142,37,120,121,29,2,241,1,214,38.9
02M411,5,6,232,28,39,106,146,263,8,8,6,0,6,2,0,0,Baruch College Campus High School,2017-18,460,269,191,180,21,61,11,2,179,2,196,39.9
02M412,2,50,119,48,53,241,209,263,114,111,108,62,46,3,3,0,N.Y.C. Lab School for Collaborative Studies,2017-18,498,256,242,98,22,66,18,4,276,4,152,32.4
02M413,14,98,108,83,175,256,342,331,23,21,21,0,21,0,0,1,School of the Future High School,2017-18,750,358,392,128,83,198,65,3,273,13,299,42
02M414,4,49,147,62,158,72,188,252,12,11,9,3,6,2,1,0,N.Y.C. Museum School,2017-18,450,268,182,131,61,152,4,2,85,6,302,63.4
02M416,,12,104,36,52,265,179,300,141,140,140,125,15,0,0,1,Eleanor Roosevelt High School,2017-18,541,327,214,91,18,66,10,8,347,0,120,23.2
02M418,3,20,176,48,84,108,191,267,95,94,94,63,31,0,0,1,Millennium High School,2017-18,666,416,250,300,36,88,9,2,209,6,316,48
02M419,66,79,22,76,315,8,204,217,20,10,0,0,0,10,1,6,Landmark High School,2017-18,348,189,159,11,116,206,1,4,9,23,309,85.6
02M420,75,167,336,420,870,92,502,1219,65,64,57,17,40,7,0,1,High School for Health Professions and Human Servi,2017-18,1819,1294,525,386,292,972,4,20,137,99,1377,76.4
02M425,35,78,77,181,363,58,283,399,12,3,1,0,1,2,1,4,Leadership and Public Service High School,2017-18,523,294,229,39,144,313,2,2,19,27,437,83.4
02M427,67,10,6,9,62,2,44,35,42,12,12,0,12,0,7,23,Manhattan Academy For Arts & Language,2017-18,269,124,145,4,10,247,0,0,8,184,255.55,95
02M432,13,32,12,65,54,8,80,61,16,11,3,0,3,8,4,1,Murray Hill Academy,2017-18,317,161,156,24,99,168,1,3,16,18,265,79.1
02M437,9,17,8,28,60,11,74,36,95,91,81,0,81,10,1,2,Hudson High School of Learning Technologies,2017-18,476,153,323,31,136,277,1,4,19,47,405,82.6
02M438,82,,30,8,46,3,51,36,5,5,5,0,5,0,0,0,International High School at Union Square,2017-18,360,152,208,65,66,196,0,2,31,311,306,95
02M439,14,39,29,93,198,21,136,225,10,8,6,2,4,2,0,0,Manhattan Village Academy,2017-18,456,273,183,41,62,308,0,1,39,9,354,68
02M449,32,82,23,124,256,20,194,237,80,66,66,0,66,0,1,11,Vanguard High School,2017-18,446,232,214,20,123,263,1,2,24,16,363,79.5
02M459,222,2,92,37,153,44,143,186,41,39,39,0,39,0,2,0,Manhattan International High School,2017-18,337,151,186,59,50,181,0,0,46,239,288,94.2
02M475,1,7,1747,66,99,1081,1713,1302,793,790,790,775,15,0,2,1,Stuyvesant High School,2017-18,3336,1428,1906,2451,24,92,85,13,595,0,1547,41.7
02M489,45,48,185,174,300,73,377,383,122,107,104,16,88,3,12,3,High School of Economics and Finance,2017-18,738,302,436,160,175,331,4,8,54,48,600,76.9
02M500,13,39,3,98,96,3,96,107,57,39,33,0,33,6,2,14,Unity Center for Urban Technologies,2017-18,255,75,180,10,75,151,3,1,8,20,227,83.2
02M507,11,25,9,51,59,6,93,33,25,21,12,1,11,9,1,2,Urban Assembly Gateway School for Technology,2017-18,445,91,353,37,130,235,2,3,23,10,265,67.5
02M519,1,7,7,156,160,84,122,320,122,118,118,32,86,0,4,0,Talent Unlimited High School,2017-18,478,381,97,17,147,205,8,2,68,3,266,52.7
02M520,409,315,620,764,1351,119,1434,1473,128,71,64,4,60,7,34,21,Murry Bergtraum High School for Business Careers,2017-18,271,138,133,14,135,110,0,1,8,23,210,81.1
02M529,44,65,28,179,436,30,259,441,13,5,0,0,0,5,2,6,Jacqueline Kennedy Onassis High School,2017-18,567,316,251,35,130,371,3,5,20,58,460,83.2
02M531,9,18,3,84,75,8,47,133,45,43,41,6,35,2,1,1,Repertory Company High School for Theatre Arts,2017-18,242,199,43,4,82,115,0,0,26,1,168,61.7
02M542,281,2,3,2,311,1,153,165,14,13,11,2,9,2,0,1,Manhattan Bridges High School,2017-18,517,266,251,1,2,511,0,0,1,251,430,92.1
02M543,8,35,12,93,152,15,119,162,71,53,52,0,52,1,16,2,New Design High School,2017-18,427,255,172,28,157,226,4,1,6,22,348,86.5
02M544,15,30,6,198,221,25,228,222,111,8,7,1,6,1,65,38,Independence High School,2017-18,334,164,170,7,103,190,2,3,29,27,309,89.1
02M545,175,5,282,22,12,6,180,144,54,52,52,43,9,0,1,1,High School for Dual Language and Asian Studies,2017-18,396,243,153,341,14,18,4,0,11,52,350,80.9
02M550,358,8,102,79,167,47,242,155,45,6,5,0,5,1,13,25,Liberty High School Academy for Newcomers,2017-18,427,174,253,46,104,227,0,3,47,354,341,95
02M551,22,73,7,161,218,30,251,166,73,63,57,4,53,6,4,6,Urban Assembly New York Harbor School,2017-18,534,186,348,38,95,212,4,5,156,14,290,53.4
02M560,12,53,48,262,262,159,366,372,35,8,2,0,2,6,27,0,High School M560 - City As School,2017-18,627,343,284,29,234,264,11,4,85,19,407,70.8
02M565,1,,5,47,31,37,50,73,15,12,12,0,12,0,1,0,Urban Academy Laboratory High School,2017-18,160,100,60,7,49,60,2,0,42,0,95,54.7
02M570,16,35,4,87,148,7,96,152,140,99,93,0,93,6,11,29,Satellite Academy High School,2017-18,298,176,122,1,114,172,0,3,8,13,232,84.3
02M575,541,37,311,243,236,33,476,350,246,45,45,2,43,0,141,57,Manhattan Comprehensive Night and Day High School,2017-18,722,305,417,164,216,289,5,5,43,380,675,90.6
02M580,32,92,25,222,343,16,196,422,92,71,67,1,66,4,1,17,Richard R. Green High School of Teaching,2017-18,499,332,166,36,125,301,2,6,13,22,423,79
02M586,2,9,8,30,21,5,31,33,31,8,8,0,8,0,17,6,Harvey Milk High School,2017-18,64,36,28,1,12,45,0,0,6,4,59,86.9
02M600,66,167,57,575,882,107,181,1478,30,18,1,0,1,17,1,5,The High School of Fashion Industries,2017-18,1590,1463,126,95,528,880,5,4,70,52,1331,76.2
02M605,4,21,6,65,72,24,83,86,36,26,26,0,26,0,9,1,Humanities Preparatory Academy,2017-18,235,129,106,17,52,144,2,1,17,8,195,77.1
02M615,68,143,28,376,596,22,651,389,139,92,71,9,62,21,2,36,Chelsea Career and Technical Education High School,2017-18,430,129,300,46,95,260,1,3,17,17,382,79.4
02M630,42,146,82,367,734,135,829,602,314,276,269,47,222,7,12,20,Art and Design High School,2017-18,1447,919,528,100,242,817,61,8,216,10,928,57.8
02M655,29,70,33,237,392,21,303,396,92,83,43,7,36,40,4,4,The High School for Climate Justice,2017-18,574,294,280,38,167,337,4,3,19,52,475,85.5
03M299,60,82,4,156,246,6,233,185,66,49,48,0,48,1,10,5,The Maxine Greene HS for Imaginative Inquiry,2017-18,378,206,172,6,133,219,1,2,7,42,316,87.3
03M307,47,56,8,137,205,11,212,154,45,35,18,0,18,17,0,10,"Urban Assembly School for Media Studies, The",2017-18,397,211,185,10,136,231,1,3,9,28,342,85
03M402,47,49,4,41,138,3,103,83,5,3,2,0,2,1,2,0,The Urban Assembly School for Green Careers,2017-18,311,143,167,7,85,191,1,1,21,41,268,82.6
03M403,53,48,8,61,129,12,114,96,73,63,57,8,49,6,1,9,The Global Learning Collaborative,2017-18,436,202,234,10,107,292,4,3,18,67,361,86.6
03M404,7,20,97,66,33,3,95,104,45,1,1,0,1,0,42,2,Innovation Diploma Plus,2017-18,188,94,94,2,70,113,0,0,3,4,155,85.4
03M415,47,146,7,529,296,1,401,437,95,63,40,5,35,23,2,9,Wadleigh Secondary School for the Performing & Vis,2017-18,278,188,90,2,150,109,1,4,8,9,229,85
03M417,1,19,7,18,42,31,49,51,72,71,69,7,62,2,1,0,Frank McCourt High School,2017-18,411,224,186,17,64,184,5,2,121,10,228,49.2
03M479,6,61,58,199,250,474,459,583,13,12,4,0,4,8,1,0,Beacon High School,2017-18,1380,868,510,121,186,262,29,11,695,4,354,29.7
03M485,18,14,410,386,429,1001,704,1760,27,27,27,22,5,0,0,0,Fiorello H. LaGuardia High School of Music & Art a,2017-18,2809,2126,679,559,281,485,151,7,1261,6,832,31
03M492,52,75,8,258,233,11,223,298,89,70,65,24,41,5,1,17,"High School for Law, Advocacy and Community Justic",2017-18,466,269,197,11,162,276,3,1,13,26,416,83.1
03M494,64,88,22,262,330,13,392,241,151,74,41,1,40,33,40,32,High School of Arts and Technology,2017-18,504,174,329,25,173,282,0,5,14,54,434,87.6
03M505,22,87,5,248,319,12,287,302,105,49,44,0,44,5,32,24,Edward A. Reynolds West Side High School,2017-18,500,239,261,2,136,338,0,4,20,59,475,87.1
03M541,14,5,74,65,118,38,136,184,9,9,8,0,8,1,0,0,Manhattan / Hunter Science High School,2017-18,442,250,192,124,70,146,6,3,83,2,272,53.9
03M860,6,32,1,309,68,3,180,209,31,22,16,0,16,6,8,1,Frederick Douglass Academy II Secondary School,2017-18,354,122,232,10,226,110,0,2,4,41,294,86.9
04M435,114,139,201,359,930,51,810,773,407,393,393,178,215,0,2,8,Manhattan Center for Science and Mathematics,2017-18,1625,807,816,312,299,884,5,15,80,112,1392,77
04M495,18,35,2,151,187,2,149,197,27,26,25,7,18,1,1,0,Park East High School,2017-18,406,205,200,19,104,258,0,3,10,12,344,76.7
04M555,16,57,10,141,166,5,171,157,33,31,31,8,23,0,0,1,Central Park East High School,2017-18,496,317,179,70,131,256,1,4,27,13,415,75.2
04M610,3,16,6,136,246,5,,398,69,68,68,21,47,0,1,0,Young Women's Leadership School,2017-18,481,481,0,42,115,293,1,2,18,13,390,78.2
04M680,12,52,1,96,194,3,133,171,53,7,7,0,7,0,37,8,"Heritage School, The",2017-18,294,141,153,8,76,194,2,0,11,30,275,89.6
05M285,9,11,2,110,95,1,88,123,12,1,1,0,1,0,10,1,Harlem Renaissance High School,2017-18,233,126,107,6,102,122,0,1,2,27,207,92.7
05M304,5,15,5,75,115,8,106,103,60,50,48,2,46,2,0,6,Mott Hall High School,2017-18,297,133,164,10,99,173,0,3,10,51,278,90.6
05M362,1,1,39,67,180,83,181,206,6,6,5,2,3,1,0,0,Columbia Secondary School,2017-18,702,363,339,67,164,287,9,4,160,4,386,55.4
05M369,4,13,1,76,60,0,27,121,60,49,39,0,39,10,0,10,Urban Assembly School for the Performing Arts,2017-18,356,278,78,1,185,154,2,1,3,26,324,88.9
05M499,12,72,13,985,335,18,656,731,8,6,6,1,5,0,0,1,Frederick Douglass Academy,2017-18,1362,635,726,19,947,334,4,8,23,57,1057,80.3
05M670,7,36,4,409,112,2,235,301,7,7,1,0,1,6,0,0,Thurgood Marshall Academy for Learning and Social,2017-18,547,297,250,10,381,141,0,3,7,19,413,79.3
05M692,,3,101,76,107,97,257,146,135,135,135,127,8,0,0,0,"High School for Mathematics, Science and Engineeri",2017-18,500,172,327,181,48,78,8,2,136,1,227,41.7
06M293,42,60,6,15,302,4,145,182,35,32,30,2,28,2,2,0,City College Academy of the Arts,2017-18,602,329,273,9,21,550,1,2,18,33,502,81.1
06M346,77,59,0,21,320,2,174,169,8,7,5,0,5,2,1,0,Community Health Academy of the Heights,2017-18,703,345,358,6,46,638,0,2,11,123,656,89.9
06M348,67,53,0,5,323,2,182,149,13,5,1,0,1,4,8,0,Washington Heights Expeditionary Learning School,2017-18,815,375,440,7,28,747,3,1,28,126,630,83.9
06M423,15,34,0,28,54,0,44,39,9,6,6,0,6,0,1,2,High School for Excellence and Innovation,2017-18,201,89,112,1,21,175,0,1,3,97,190.95,95
06M462,190,82,3,53,613,4,387,291,176,103,102,0,102,1,40,26,The College Academy,2017-18,460,181,279,0,43,408,0,1,6,227,437,91.7
06M463,164,61,3,32,558,1,335,266,39,10,6,0,6,4,18,10,High School for Media and Communications,2017-18,408,193,215,4,46,350,0,1,7,207,387.6,93.2
06M467,136,42,3,36,554,3,309,289,124,73,69,1,68,4,24,21,High School for Law and Public Service,2017-18,544,253,291,4,75,455,0,1,9,205,488,91.7
06M468,178,69,5,31,553,1,312,283,148,117,83,14,69,34,2,27,High School for Health Careers and Sciences,2017-18,463,226,237,11,69,372,0,2,3,178,439.85,93.5
06M540,30,71,52,421,801,9,641,644,270,210,151,32,119,59,4,43,A. Philip Randolph Campus High School,2017-18,1375,705,669,66,386,857,8,7,29,205,1187,87
06M552,423,0,0,0,471,0,231,241,88,72,68,7,61,4,1,15,Gregorio Luperon High School for Science and Mathe,2017-18,524,283,241,0,0,524,0,0,0,402,497.8,95
07X221,49,106,6,179,400,2,279,309,64,61,56,7,49,5,1,2,South Bronx Preparatory: A College Board School,2017-18,659,359,300,10,165,468,2,2,12,48,626.05,93.7
07X334,354,7,19,79,282,8,191,202,66,28,27,1,26,1,34,4,International Community High School,2017-18,436,205,231,19,65,337,4,4,7,371,414.2,95
07X379,9,19,1,73,128,1,78,126,104,16,13,0,13,3,33,55,Jill Chaifetz Transfer High School,2017-18,218,115,103,3,76,135,0,2,2,20,189,91.5
07X381,13,3,1,52,84,1,48,90,73,22,16,0,16,6,24,24,Bronx Haven High School,2017-18,192,93,99,2,69,121,0,0,0,13,171,90.7
07X427,30,69,1,130,204,4,142,201,30,23,3,0,3,20,2,4,Community School for Social Justice,2017-18,330,166,164,0,90,233,0,1,5,48,305,92.1
07X473,35,67,4,82,276,0,182,181,71,55,49,0,49,6,3,10,Mott Haven Village Preparatory High School,2017-18,358,160,198,2,88,259,1,1,3,71,333,92.7
07X495,25,25,6,60,363,5,189,251,97,92,92,0,92,0,0,4,University Heights Secondary School,2017-18,491,284,207,22,125,320,1,6,9,15,428,83.5
07X500,24,43,20,122,387,1,210,324,12,3,1,0,1,2,6,3,Hostos-Lincoln Academy of Science,2017-18,508,270,238,11,112,374,0,2,7,22,437,86.6
07X522,28,27,3,41,93,0,117,21,82,41,32,0,32,9,23,17,Bronx Design and Construction Academy,2017-18,504,92,412,4,142,342,1,5,8,87,427,89.1
07X527,64,98,4,194,278,2,251,229,14,5,4,0,4,1,0,8,Bronx Leadership Academy II High School,2017-18,513,221,292,5,141,354,0,2,7,89,487.35,92.1
07X548,8,37,2,100,222,1,270,56,121,94,93,5,88,1,16,11,Careers in Sports High School,2017-18,515,106,409,5,150,348,0,2,10,62,460,88
07X551,52,133,3,189,357,5,247,308,53,34,31,0,31,3,14,3,The Urban Assembly Bronx Academy of Letters,2017-18,590,292,298,2,196,371,1,1,17,83,537,94.7
07X600,93,202,12,350,575,6,871,76,10,6,4,0,4,2,1,3,Alfred E. Smith Career and Technical Education Hig,2017-18,463,51,412,4,106,344,0,1,7,110,432,89.4
07X670,61,115,18,230,334,3,168,419,27,10,3,0,3,7,2,11,Health Opportunities High School,2017-18,491,303,188,9,191,274,1,6,9,59,427,90
08X269,42,79,5,87,294,4,168,226,51,43,40,0,40,3,2,3,Bronx Studio School for Writers and Artists,2017-18,643,346,297,4,127,504,0,0,7,85,558,91.8
08X282,12,36,8,136,152,10,2,306,74,60,59,8,51,1,5,8,Women's Academy of Excellence,2017-18,281,281,0,30,115,93,2,6,33,59,265,90
08X293,18,85,11,149,275,21,185,274,84,57,55,3,52,2,15,11,Renaissance High School for Musical Theater and th,2017-18,465,266,199,15,116,293,0,3,36,28,335,78.1
08X312,20,47,7,139,192,10,203,153,48,30,18,0,18,12,14,4,Millennium Art Academy,2017-18,432,243,189,8,113,292,1,5,11,32,323,83.4
08X367,16,89,8,133,258,3,236,168,50,33,32,2,30,1,10,6,"Archimedes Academy for Math, Science and Technolog",2017-18,686,276,410,68,192,406,1,4,13,65,575,85.6
08X376,33,92,15,107,242,2,170,198,65,51,43,4,39,8,5,7,Antonia Pantoja Preparatory Academy: A College Boa,2017-18,404,203,201,29,75,285,0,6,9,64,336,88.1
08X377,10,17,2,57,127,2,94,97,77,43,42,0,42,1,13,21,Bronx Community High School,2017-18,175,92,83,5,62,106,0,1,1,11,146,89.3
08X405,382,733,265,883,2407,345,2313,1612,199,131,111,9,102,20,9,55,Herbert H. Lehman High School,2021-22,1027,447,580,97,282,541,2,25,78,119,818,81
08X432,61,7,2,8,68,0,36,42,8,7,7,0,7,0,1,0,Bronx Bridges High School,2018-19,329,137,192,42,15,252,0,8,12,276,281,95
08X452,25,63,11,109,182,2,134,171,83,49,40,0,40,9,18,8,Gotham Collaborative High School,2017-18,553,237,316,34,170,325,0,11,12,87,485,91
08X530,61,116,3,147,295,5,225,226,68,32,25,0,25,7,12,21,Longwood Preparatory Academy,2017-18,199,79,120,3,59,132,0,0,4,43,181,95
08X537,6,8,3,52,72,1,56,73,82,20,18,0,18,2,45,17,Bronx Arena High School,2017-18,226,125,101,2,86,132,1,1,4,10,203,86.8
09X227,97,71,2,128,249,6,200,191,74,53,20,0,20,33,9,10,Bronx Collegiate Academy,2017-18,396,200,196,12,80,295,0,0,6,87,342,93
09X231,24,101,4,289,146,4,454,,71,62,55,0,55,7,2,7,Eagle Academy for Young Men,2017-18,511,0,511,3,281,218,1,3,2,26,407,79.4
09X241,34,61,21,123,266,9,222,198,67,65,58,18,40,7,1,1,Urban Assembly School for Applied Math and Science,2017-18,616,285,331,1,202,404,0,4,4,83,585.2,90.4
09X250,26,50,1,169,205,2,175,211,105,93,77,4,73,16,9,1,Eximius College Preparatory Academy: A College Boa,2017-18,432,234,198,8,149,265,1,1,2,43,363,85.9
09X252,30,32,5,128,243,4,186,199,17,6,1,0,1,5,8,2,Mott Hall Bronx High School,2017-18,387,198,189,3,91,284,0,2,3,33,358,89.5
09X260,1,1,7,38,56,3,53,56,64,62,61,23,38,1,0,2,Bronx Center for Science and Mathematics,2017-18,463,255,208,33,106,309,0,1,10,30,399,84.5
09X263,44,59,4,125,233,1,161,204,71,39,35,0,35,4,24,7,Validus Preparatory Academy,2017-18,372,191,181,1,101,262,0,0,6,77,332,93.1
09X297,86,101,2,117,329,2,242,208,99,67,36,0,36,31,17,15,Morris Academy for Collaborative Studies,2017-18,401,200,201,6,115,274,0,1,4,70,380.95,91.2
09X324,43,64,11,118,244,3,189,188,9,8,2,0,2,6,1,0,Bronx Early College Academy for Teaching & Learnin,2017-18,522,262,260,15,138,357,0,2,8,62,468,89.8
09X329,79,58,3,92,249,0,149,199,11,3,2,0,2,1,1,7,DreamYard Preparatory School,2017-18,266,154,112,2,74,188,0,0,1,78,229,93
09X365,316,4,0,2,362,0,185,179,5,5,5,2,3,0,0,0,Academy for Language and Technology,2017-18,323,136,187,0,1,322,0,0,0,221,306.85,95
09X403,306,16,8,73,266,9,177,179,50,36,12,0,12,24,0,11,Bronx International High School,2017-18,414,213,201,11,55,333,0,4,11,388,393.3,95
09X404,80,101,1,133,249,0,202,184,88,61,30,0,30,31,2,25,School for Excellence,2017-18,375,170,205,5,92,269,0,1,5,112,323,91.7
09X412,91,94,8,159,265,4,250,189,59,35,24,5,19,11,5,14,Bronx High School of Business,2017-18,284,126,158,7,65,205,0,1,5,115,255,95
09X413,18,15,35,225,232,3,165,338,13,13,13,1,12,0,0,0,Bronx High School for Medical Science,2017-18,433,236,197,33,122,267,1,2,5,55,367,91.2
09X505,42,103,15,234,460,12,328,395,99,70,50,1,49,20,7,12,"Bronx School for Law, Government and Justice",2017-18,771,431,340,9,190,550,1,3,7,80,701,87.2
09X517,34,94,6,299,220,2,274,258,66,58,32,1,31,26,3,4,Frederick Douglass Academy III Secondary School,2017-18,424,175,249,4,183,222,1,4,7,60,371,92.9
09X525,33,71,8,224,325,9,244,384,6,6,3,0,3,3,0,0,Bronx Leadership Academy High School,2017-18,583,287,296,3,183,382,1,1,10,118,511,92.5
09X543,28,72,1,119,202,0,47,276,11,3,0,0,0,3,3,3,High School for Violin and Dance,2017-18,264,207,57,1,84,175,0,0,4,35,250.8,94.3
10X141,96,200,119,186,692,330,692,643,136,126,87,25,62,39,4,3,Riverdale / Kingsbridge Academy (Middle School / H,2017-18,1513,754,759,117,136,854,13,9,384,102,800,48.1
10X213,84,83,22,133,270,4,361,68,70,57,56,7,49,1,2,10,Bronx Engineering and Technology Academy,2017-18,399,63,336,12,114,253,1,5,11,63,365,87.6
10X225,27,87,7,134,375,10,183,345,20,14,13,0,13,1,3,2,Theatre Arts Production Company School,2017-18,608,408,200,8,161,420,1,4,10,47,493,88.2
10X237,39,76,10,162,296,5,85,391,7,1,0,0,0,1,5,0,"The Marie Curie School for Medicine, Nursing, and",2017-18,489,364,125,14,144,307,1,7,16,63,390,86.7
10X243,64,87,21,197,343,3,330,237,66,45,17,0,17,28,5,14,West Bronx Academy for the Future,2017-18,607,286,321,11,110,472,1,2,10,75,574,90.2
10X268,441,2,34,27,421,15,260,237,5,1,0,0,0,1,3,1,Kingsbridge International High School,2017-18,470,243,227,21,16,414,0,0,19,404,446.5,95
10X284,30,64,3,133,275,11,239,183,39,28,23,1,22,5,4,5,Bronx School of Law and Finance,2017-18,380,171,209,5,97,262,0,2,12,76,333,90.7
10X319,14,21,0,76,129,2,74,134,11,1,1,0,1,0,8,2,Providing Urban Learners Success In Education High,2017-18,239,125,114,0,27,137,0,74,1,11,222,91.3
10X342,214,4,0,0,269,1,157,113,21,17,17,3,14,0,0,4,International School for Liberal Arts,2017-18,523,256,267,1,2,519,0,0,1,355,496.85,95
10X368,150,165,44,133,905,26,556,562,16,15,13,0,13,2,0,1,In-Tech Academy (M.S. / High School 368),2017-18,1003,468,535,41,88,818,4,11,40,166,874,82
10X374,15,17,4,79,133,4,102,120,86,79,73,5,68,6,1,5,Knowledge and Power Preparatory Academy Internatio,2017-18,488,285,203,12,133,316,0,3,16,70,451,85.7
10X397,135,,15,23,121,3,100,65,102,20,19,0,19,1,31,50,English Language Learners and International Suppor,2017-18,350,145,205,10,62,258,1,4,15,315,332,95
10X433,68,77,7,176,318,11,202,315,21,6,4,0,4,2,10,5,High School for Teaching and the Professions,2017-18,447,237,210,11,72,344,0,0,16,101,410,92.6
10X434,57,66,12,120,252,4,179,210,90,71,63,14,49,8,5,14,Belmont Preparatory High School,2017-18,402,215,187,11,89,292,0,2,5,49,354,85
10X437,44,81,7,144,213,6,146,225,83,61,31,0,31,30,2,10,Fordham High School for the Arts,2017-18,356,261,95,5,120,217,0,2,7,15,319,81
10X438,65,74,13,180,288,9,300,195,15,5,1,0,1,4,3,6,Fordham Leadership Academy,2017-18,342,135,206,10,88,234,0,2,7,74,295,90.6
10X439,58,90,10,133,279,4,192,240,95,59,41,4,37,18,2,32,Bronx High School for Law and Community Service,2017-18,409,228,181,7,111,274,0,3,11,55,375,89.4
10X440,546,461,246,1136,2903,124,2047,2418,957,636,397,135,262,239,64,217,DeWitt Clinton High School,2017-18,1203,532,671,128,394,611,2,11,46,237,1078,85.2
10X442,15,33,2,115,294,10,172,251,46,28,16,3,13,12,15,3,"Celia Cruz Bronx High School of Music, The",2017-18,427,272,155,8,96,299,1,3,5,31,375,80.9
10X445,2,6,1600,117,206,740,1479,1191,587,586,586,580,6,0,0,0,The Bronx High School of Science,2017-18,2995,1229,1766,1965,76,186,55,13,698,0,1379,40
10X477,142,33,50,81,280,26,203,242,11,8,6,0,6,2,3,0,Marble Hill High School for International Studies,2017-18,437,226,211,56,79,281,1,4,16,142,401,87.1
10X524,83,0,2,11,68,4,43,42,98,56,52,0,52,4,7,35,Crotona International High School,2017-18,335,172,163,9,27,285,0,3,11,308,291,95
10X546,34,48,2,147,252,11,128,286,35,30,18,0,18,12,3,2,Bronx Theatre High School,2017-18,389,279,110,6,112,256,0,3,8,31,339,90.7
10X549,114,98,11,115,363,6,267,235,88,64,58,16,42,6,4,18,Discovery High School,2017-18,456,209,247,16,87,336,1,2,11,85,412,91.3
10X696,,4,60,47,79,179,201,170,87,85,85,72,13,0,1,1,High School of American Studies at Lehman College,2017-18,400,199,199,88,14,46,15,3,234,0,86,24.1
11X249,24,9,6,86,97,3,63,140,20,19,19,1,18,0,1,0,Bronx Health Sciences High School,2017-18,315,172,142,26,155,103,0,7,13,21,229,71
11X253,36,61,10,204,201,7,172,250,97,58,52,2,50,6,9,25,Bronx High School for Writing and Communication Ar,2017-18,338,159,179,16,159,146,2,3,10,48,243,80.8
11X265,20,76,12,183,264,6,276,192,24,20,20,0,20,0,4,0,Bronx Lab School,2017-18,399,152,247,7,134,236,2,6,12,59,339,88.9
11X270,27,87,14,385,209,1,316,307,76,54,52,3,49,2,7,13,Academy for Scholarship and Entrepreneurship: A Co,2017-18,377,198,179,10,235,118,0,3,7,28,305,81.9
11X275,10,17,3,72,110,8,148,52,126,108,103,19,84,5,13,5,High School of Computers and Technology,2017-18,569,74,495,39,204,306,0,5,12,46,445,83.6
11X288,18,76,50,200,254,38,310,233,60,52,50,18,32,2,4,2,Collegiate Institute for Math and Science,2017-18,616,279,337,80,211,248,1,4,64,14,442,72
11X290,33,84,13,229,192,6,123,322,89,69,61,6,55,8,2,13,Bronx Academy of Health Careers,2017-18,395,265,130,17,148,213,0,3,10,55,328,86.7
11X299,38,108,27,178,229,59,292,206,88,66,62,8,54,4,15,5,Astor Collegiate Academy,2017-18,476,210,266,34,142,239,1,5,48,30,359,74.3
11X418,17,78,6,144,221,31,240,166,96,58,28,1,27,30,20,13,Bronx High School for the Visual Arts,2017-18,441,219,222,13,110,270,0,2,43,26,366,81.7
11X455,142,607,56,1777,1223,35,1761,1365,16,9,8,2,6,1,5,2,Harry S Truman High School,2017-18,2000,823,1177,56,1031,819,3,22,58,147,1484,74.4
11X508,7,12,4,22,54,12,57,38,93,77,67,3,64,10,4,10,Bronxdale High School,2017-18,453,208,245,23,129,262,1,3,34,38,394,77.1
11X509,64,2,11,9,49,6,38,38,52,26,25,2,23,1,11,14,High School of Language and Innovation,2017-18,363,160,203,58,25,208,0,7,65,293,344.85,95
11X513,195,2,20,19,192,20,135,120,5,5,4,4,0,1,0,0,New World High School,2017-18,403,204,199,40,49,264,0,10,40,267,382.85,95
11X514,34,75,7,193,152,4,244,117,8,7,7,1,6,0,0,1,The Bronxwood Preparatory Academy,2017-18,405,213,192,13,258,111,0,8,14,42,292,77.6
11X542,13,51,12,223,234,30,237,264,114,100,88,18,70,12,10,3,Pelham Preparatory Academy,2017-18,501,264,237,32,141,266,0,8,47,20,366,70.5
11X544,46,84,4,183,264,4,249,210,34,30,20,1,19,10,2,2,High School for Contemporary Arts,2017-18,446,231,215,10,171,249,0,4,10,69,347,84.8
11X545,61,107,9,99,302,5,343,73,59,57,34,0,34,23,1,1,Bronx Aerospace High School,2019-20,263,58,205,17,94,140,0,1,8,50,225,90.1
12X242,41,88,12,109,258,4,171,213,66,48,46,18,28,2,15,3,Mott Hall V,2018-19,672,338,334,17,109,528,0,12,6,99,601,90.4
12X248,68,61,1,95,228,0,159,168,97,71,59,2,57,12,1,20,"Metropolitan High School, The",2017-18,411,181,230,7,104,293,0,1,4,102,390.45,93.9
12X251,38,34,3,96,198,1,149,157,64,54,41,5,36,13,1,9,Explorations Academy H.S.,2017-18,351,144,207,6,105,235,0,2,3,73,330,93.5
12X267,57,90,1,107,306,4,208,210,12,3,2,0,2,1,3,3,Bronx Latin,2017-18,579,274,305,8,110,450,1,3,7,84,549,91.1
12X271,33,33,6,145,142,5,161,143,41,36,30,0,30,6,1,3,East Bronx Academy for the Future,2017-18,671,345,326,12,173,470,2,6,6,101,622,92.8
12X388,208,,1,0,215,0,116,100,50,29,29,0,29,0,17,4,Pan American International High School at Monroe,2017-18,478,235,243,0,1,476,0,1,0,432,454.1,95
12X446,11,21,1,94,130,0,76,152,96,42,41,0,41,1,14,40,Arturo A. Schomburg Satellite Academy Bronx,2017-18,181,97,84,0,71,104,0,2,4,20,158,89
12X478,3,1,1,21,46,1,29,43,76,72,69,6,63,3,2,2,The Cinema School,2017-18,290,174,116,6,63,207,1,4,9,18,251,83.7
12X479,7,14,1,28,50,2,32,52,70,36,33,0,33,3,18,9,Bronx Career and College Preparatory High School,2019-20,275,139,136,6,88,172,0,4,2,50,249,94.7
12X480,34,27,5,137,193,2,127,211,39,11,8,0,8,3,14,13,Bronx Regional High School,2018-19,181,85,96,5,61,109,0,1,5,18,164,92.2
12X511,8,13,3,23,43,2,33,38,71,49,39,1,38,10,7,14,Bronx Envision Academy,2017-18,429,256,173,10,143,256,0,4,12,63,386,91.7
12X521,16,11,1,25,67,1,50,46,61,49,46,3,43,3,3,7,The Metropolitan Soundview High School,2017-18,429,200,229,15,96,305,0,5,8,57,407.55,89.3
12X550,285,1,14,20,277,3,157,161,110,72,68,8,60,4,12,24,High School of World Cultures,2017-18,448,200,248,41,34,345,0,7,21,372,425.6,95
12X682,55,125,1,146,328,1,258,219,54,39,2,0,2,37,0,7,Fannie Lou Hamer Freedom High School,2020-21,478,227,251,7,130,322,2,1,12,67,421,93
12X684,30,102,10,261,230,7,259,257,17,8,6,0,6,2,6,2,Wings Academy,2020-21,345,110,235,4,177,149,2,5,7,23,309,92.7
13K265,12,92,2,361,121,6,185,308,65,57,42,0,42,15,3,5,Dr. Susan S. McKinney Secondary School of the Arts,2020-21,320,192,128,3,223,79,1,7,5,10,278,90.5
13K350,10,46,9,270,87,5,179,202,79,56,47,0,47,9,2,21,Urban Assembly School of Music and Art,2020-21,176,125,51,1,125,46,1,0,3,8,153,87.8
13K412,4,50,2,272,45,4,168,156,79,51,47,0,47,4,19,9,Brooklyn Community Arts & Media High School (BCAM),2020-21,547,303,244,13,371,141,3,2,13,22,449,83.2
13K419,19,60,58,738,107,8,534,437,229,172,145,23,122,27,40,12,"Science Skills Center High School for Science, Tec",2021-22,522,217,305,43,330,106,2,12,18,15,442,77.1
13K430,4,41,3104,549,398,1080,3002,2138,682,678,677,617,60,1,0,4,Brooklyn Technical High School,2020-21,5921,2390,3531,3545,334,391,79,36,1401,5,3527,51.9
13K439,342,,129,74,162,47,203,211,40,33,33,0,33,0,2,5,Brooklyn International High School,2020-21,345,153,192,79,63,182,0,0,21,296,322,95
13K483,6,49,6,374,82,2,129,336,105,89,89,0,89,0,14,2,The Urban Assembly School for Law and Justice,2020-21,460,292,168,11,293,133,2,6,11,13,379,78.7
13K527,2,26,9,265,36,4,,317,6,4,3,0,3,1,2,0,Urban Assembly Institute of Math and Science for Y,2020-21,497,496,1,51,287,88,4,7,57,40,417,82.1
13K553,3,19,2,190,22,1,110,107,59,22,3,0,3,19,28,9,Brooklyn Academy High School,2020-21,142,62,80,0,110,29,0,1,2,1,120,88.3
13K595,1,16,4,302,21,0,152,190,71,70,70,0,70,0,1,0,Bedford Academy High School,2020-21,396,202,194,17,307,37,3,7,17,3,283,59.2
13K605,17,149,17,791,205,19,614,440,227,124,117,9,108,7,82,19,George Westinghouse Career and Technical Education,2021-22,643,193,450,21,415,182,4,5,12,27,529,79.7
13K616,4,10,1,152,50,6,127,84,5,1,1,0,1,0,3,1,Brooklyn High School for Leadership and Community,2021-22,132,60,72,2,85,37,0,2,5,8,119,92.2
13K670,1,30,27,713,118,15,372,552,93,88,81,47,34,7,2,3,Benjamin Banneker Academy,2020-21,887,458,429,44,683,126,1,8,10,14,595,69
13K674,9,21,14,72,28,9,93,31,109,93,81,0,81,12,15,1,"City Polytechnic High School of Engineering, Archi",2020-21,465,82,383,29,283,115,4,5,24,13,337,66.5
14K071,215,231,2,132,697,29,473,392,75,36,26,2,24,10,29,5,Juan Morel Campos Secondary School,2020-21,503,234,269,2,124,340,1,1,32,132,434,92.4
14K449,1,4,120,97,69,44,184,152,149,148,148,53,95,0,1,0,"Brooklyn Latin School, The",2018-19,698,318,380,384,85,83,9,8,91,0,425,55.5
14K454,28,63,4,178,169,6,166,195,34,18,15,0,15,3,2,14,The Williamsburg High School of Art and Technology,2021-22,401,145,256,14,104,252,5,1,19,48,325,80.6
14K474,175,129,8,316,664,9,467,536,260,155,148,2,146,7,65,33,PROGRESS High School for Professional Careers,2020-21,548,271,277,8,135,386,0,2,13,108,475,90.7
14K477,35,115,7,499,288,9,374,436,50,35,13,0,13,22,2,11,East Williamsburg Scholars Academy,2020-21,327,143,184,6,95,212,2,2,8,78,308,89.4
14K478,94,127,23,366,538,18,638,312,207,169,150,0,150,19,27,10,"The High School for Enterprise, Business and Techn",2019-20,776,277,499,57,213,478,0,7,20,101,703,85.5
14K488,5,58,3,281,89,8,169,215,108,99,89,0,89,10,6,3,Brooklyn Preparatory High School,2021-22,549,325,224,9,233,293,1,3,4,23,457,77.9
14K558,35,88,7,192,286,11,363,137,53,38,34,3,31,4,8,5,Williamsburg High School for Architecture and Desi,2021-22,588,184,404,13,167,352,4,8,41,25,471,76.3
14K561,20,66,6,164,319,49,257,282,103,88,83,23,60,5,10,5,Williamsburg Preparatory School,2020-21,719,389,330,26,143,485,1,6,44,32,559,78.8
14K586,80,105,4,243,288,6,288,256,39,33,26,0,26,7,1,5,Lyons Community School,2020-21,408,197,211,5,146,245,3,0,9,35,372,93.3
14K610,47,211,12,590,261,14,839,42,165,96,76,1,75,20,6,51,A-Tech High School,2020-21,337,35,302,12,135,169,1,7,8,22,298,84.7
14K614,8,36,4,164,76,1,0,250,8,8,7,2,5,1,0,0,Young Women's Leadership School of Brooklyn,2020-21,371,371,0,15,173,162,2,3,10,28,310,85.2
14K685,32,43,3,18,178,1,89,111,25,18,0,0,0,18,3,1,El Puente Academy for Peace and Justice,2020-21,223,94,129,1,15,199,1,0,6,45,200,92.2
15K423,1,25,0,55,24,2,33,48,29,6,4,0,4,2,5,12,Brooklyn Frontiers High School,2020-21,179,66,113,7,96,72,0,0,4,12,147,78.3
15K429,20,131,12,306,279,53,345,318,73,41,0,0,0,41,11,21,Digital Arts and Cinema Technology High School,2020-21,342,151,191,7,148,150,3,3,24,7,278,73.2
15K448,35,215,28,237,329,94,410,287,75,65,65,0,65,0,8,2,Brooklyn Collaborative Studies,2021-22,680,340,340,33,205,238,17,0,175,44,411,61
15K462,23,61,15,287,219,42,258,315,28,25,24,2,22,1,2,1,John Jay School for Law,2021-22,472,274,198,17,240,181,1,8,23,25,359,77.1
15K463,56,45,31,141,145,18,142,194,30,19,10,1,9,9,1,6,Cyberarts Studio Academy,2017-18,215,130,85,8,103,84,0,1,17,30,186,77.4
15K464,37,78,27,151,218,27,230,196,96,58,55,6,49,3,26,10,Park Slope Collegiate,2017-18,654,283,371,29,229,258,6,4,118,44,440,64.1
15K497,56,77,14,181,174,70,236,209,89,67,61,0,61,6,9,13,The Boerum Hill School for International Studies,2017-18,632,283,349,28,218,161,22,6,187,60,367,57.7
15K519,30,168,13,524,337,40,468,460,9,4,3,0,3,1,5,0,Cobble Hill School of American Studies,2017-18,584,307,277,21,364,170,1,4,10,59,531,80.7
15K529,7,1,23,20,134,31,132,76,62,6,3,0,3,3,42,14,West Brooklyn Community High School,2017-18,226,90,136,10,30,160,0,1,25,15,181,81.8
15K656,1,50,13,503,131,18,250,419,38,31,24,1,23,7,7,0,Brooklyn High School of the Arts,2017-18,867,650,217,26,590,187,4,4,27,8,614,66.3
15K667,142,220,46,77,798,66,501,487,76,50,22,1,21,28,7,11,Sunset Park High School,2017-18,1230,567,663,117,102,911,1,2,94,238,1051,86.5
15K684,0,4,20,24,26,36,45,62,13,13,13,10,3,0,0,0,Millennium Brooklyn HS,2019-20,684,390,294,99,96,119,11,2,316,1,280,42.7
15K698,4,9,3,34,113,10,71,90,63,7,1,0,1,6,50,4,South Brooklyn Community High School,2017-18,201,83,118,9,64,110,1,8,9,8,180,83.3
16K455,40,335,8,1468,127,12,1006,625,260,127,115,3,112,12,20,69,Boys and Girls High School,2017-18,428,144,284,6,359,44,1,5,8,29,349,85.3
16K498,19,78,1,314,97,0,201,212,23,8,2,0,2,6,0,3,Brooklyn High School for Law and Technology,2017-18,594,235,359,21,379,168,1,3,15,25,515,83
16K688,10,33,3,118,33,4,82,77,36,23,21,1,20,2,4,8,The Brooklyn Academy of Global Finance,2017-18,135,55,80,8,95,25,0,2,5,16,128.25,93.4
17K122,2,13,5,79,17,3,70,34,28,26,26,2,24,0,2,0,Pathways in Technology Early College High School (,2017-18,592,148,444,11,497,69,2,5,4,13,438,64.8
17K382,35,62,4,515,32,11,307,256,13,8,4,0,4,4,2,2,Academy for College Preparation and Career Explora,2017-18,422,177,245,6,322,57,4,23,8,61,336,80.1
17K408,31,41,3,256,46,5,160,150,67,52,49,0,49,3,3,11,Academy of Hospitality and Tourism,2017-18,208,100,108,3,163,28,0,2,12,46,183,84.2
17K524,392,10,123,118,139,52,245,188,89,61,24,0,24,37,13,9,International High School at Prospect Heights,2017-18,417,171,246,72,97,196,0,7,45,350,345,95
17K528,13,43,2,359,41,3,200,211,42,20,15,1,14,5,17,3,The High School for Global Citizenship,2017-18,197,79,118,9,146,34,1,2,5,27,185,78.8
17K531,24,58,3,343,32,6,199,187,12,9,1,0,1,8,1,1,"School for Human Rights, The",2017-18,441,204,237,5,396,27,2,0,9,24,378,76.8
17K537,22,55,4,358,51,3,245,175,92,65,44,6,38,21,1,20,High School for Youth and Community Development at,2017-18,480,148,332,12,376,75,2,2,12,52,404,79.3
17K539,5,17,4,172,29,2,94,124,116,96,64,13,51,32,4,14,High School for Service & Learning at Erasmus,2017-18,354,124,230,9,276,48,0,3,13,56,299,82
17K543,0,12,16,437,49,7,276,245,36,36,36,2,34,0,0,0,"Science, Technology and Research Early College Hig",2017-18,541,263,277,24,433,64,1,10,7,5,426,62.2
17K546,2,12,4,347,51,1,100,304,95,90,86,19,67,4,2,2,High School for Public Service: Heroes of Tomorrow,2017-18,454,296,158,20,348,72,0,2,4,8,365,73.5
17K547,32,56,19,375,67,7,256,215,122,100,78,10,68,22,3,17,Brooklyn Academy of Science and the Environment,2017-18,373,147,226,19,302,35,1,3,11,22,311,76.4
17K548,2,42,3,335,53,3,120,276,96,87,57,13,44,30,0,9,Brooklyn School for Music & Theatre,2017-18,296,214,82,3,240,46,0,1,4,8,250,81.5
17K568,6,9,0,189,22,3,96,125,25,11,5,0,5,6,7,7,Brownsville Academy High School,2021-22,66,31,35,1,52,11,1,1,0,1,53,85.9
17K590,9,25,11,811,45,19,399,531,6,2,1,0,1,1,1,3,Medgar Evers College Preparatory School,2017-18,1257,707,550,29,1106,60,3,26,11,3,896,54.7
17K600,92,217,35,1934,210,24,597,1719,14,4,4,0,4,0,8,1,Clara Barton High School,2017-18,1221,888,333,16,1063,85,1,14,14,126,970,71.9
17K751,11,21,5,112,19,2,38,100,23,11,9,0,9,2,6,5,Academy for Health Careers,2017-18,359,243,116,11,281,52,0,1,4,16,303,81.4
18K563,73,10,5,172,12,1,90,101,14,11,0,0,0,11,0,3,It Takes a Village Academy,2017-18,730,312,418,16,637,51,1,11,10,130,543,76.1
18K566,5,27,4,126,11,2,91,54,67,51,50,0,50,1,8,7,Brooklyn Community High School for Excellence and,2017-18,195,70,125,3,157,26,0,1,3,20,160,74.9
18K567,1,8,0,69,9,3,28,53,59,45,45,1,44,0,0,13,Brooklyn Theatre Arts High School,2017-18,362,198,164,2,304,40,0,6,6,10,298,76.8
18K569,7,6,0,57,11,1,43,27,80,62,55,0,55,7,11,6,Kurt Hahn Expeditionary Learning School,2017-18,353,128,225,2,319,24,1,4,3,19,295,72.6
18K576,1,8,0,69,7,2,42,39,43,31,25,0,25,6,9,3,Victory Collegiate High School,2017-18,401,184,217,3,338,34,0,4,15,20,322,75.5
18K578,3,8,0,125,12,2,62,77,14,4,1,0,1,3,8,2,Brooklyn Bridge Academy,2017-18,191,73,118,3,152,26,2,2,6,14,166,78.1
18K617,3,15,1,65,11,2,57,23,60,51,42,3,39,9,1,6,High School for Innovation in Advertising and Medi,2017-18,255,78,177,1,212,35,0,1,4,21,185,73.2
18K629,2,14,1,65,12,0,42,37,72,58,49,1,48,9,6,7,Cultural Academy for the Arts and Sciences,2017-18,319,139,180,4,277,28,1,3,6,34,242,76.2
18K633,4,10,1,90,19,2,28,85,95,87,84,4,80,3,6,1,High School for Medical Professions,2017-18,424,294,130,16,328,63,1,2,9,18,402.8,70.4
18K635,5,8,1,126,16,6,77,72,99,42,23,0,23,19,28,25,Olympus Academy,2017-18,206,100,106,2,183,12,2,3,4,5,165,72
18K637,4,16,1,49,9,2,33,28,57,47,41,0,41,6,0,9,Academy for Conservation and the Environment,2017-18,285,105,180,17,216,25,1,6,20,33,243,80.8
18K642,4,13,0,84,21,1,62,46,14,10,1,0,1,9,3,1,Urban Action Academy,2017-18,278,107,171,5,215,33,0,2,22,59,218,79.9
18K673,1,12,1,130,19,0,62,88,93,25,16,0,16,9,52,16,East Brooklyn Community High School,2017-18,192,83,109,2,146,31,0,2,11,14,144,76
19K409,6,26,7,268,136,3,179,240,7,3,0,0,0,3,2,1,East New York Family Academy,2017-18,496,246,250,16,312,155,0,7,4,19,433,81.6
19K502,4,28,1,153,52,0,142,68,40,29,29,0,29,0,5,6,FDNY - Captain Vernon A. Richard High School for F,2017-18,333,81,252,2,239,79,0,4,3,12,283,86.4
19K504,11,22,0,146,44,2,99,96,71,46,28,0,28,18,9,13,High School for Civil Rights,2017-18,264,107,157,2,192,63,0,5,2,23,224,88.5
19K507,11,11,0,148,37,1,61,131,51,43,42,3,39,1,3,3,Performing Arts and Technology High School,2017-18,450,260,190,9,298,133,0,4,3,62,412,86.2
19K510,8,12,5,155,38,4,52,162,7,3,0,0,0,3,3,1,World Academy for Total Community Health High Scho,2017-18,262,143,119,11,191,52,0,5,2,31,243,86.4
19K583,45,2,0,6,61,0,33,34,103,49,49,0,49,0,3,51,Multicultural High School,2017-18,243,127,116,0,1,241,0,0,1,223,224,95
19K615,24,223,66,1097,477,20,1341,352,197,156,151,1,150,5,27,14,Transit Tech Career and Technical Education High S,2017-18,713,114,599,22,434,220,3,14,17,36,553,79.4
19K618,15,15,7,33,47,7,59,37,49,34,33,5,28,1,11,4,Academy of Innovative Technology,2017-18,403,68,335,21,167,193,1,5,9,41,349,78.8
19K639,5,19,6,38,56,1,55,49,62,34,27,2,25,7,11,16,Brooklyn Lab School,2017-18,384,173,211,55,111,194,1,6,16,114,343,89.7
19K659,14,7,20,19,73,7,57,72,15,14,12,1,11,2,1,0,Cypress Hills Collegiate Preparatory School,2017-18,251,99,152,33,51,153,1,4,9,56,219,84.7
19K660,35,242,22,961,444,20,467,1000,136,85,76,6,70,9,20,29,W. H. Maxwell Career and Technical Education High,2017-18,407,273,134,10,272,114,1,2,5,37,364,89.2
19K683,18,23,20,79,67,0,76,90,16,9,5,0,5,4,3,4,School for Classics High School,2017-18,287,164,123,34,139,95,2,3,13,65,256,87.5
20K445,480,350,783,303,858,1081,1649,1418,223,177,164,38,126,13,30,13,New Utrecht High School,2017-18,3563,1537,2026,1432,113,1062,6,10,909,750,2874,80.5
20K485,30,172,173,202,590,212,628,579,131,91,72,32,40,19,11,24,High School of Telecommunication Arts and Technolo,2017-18,1278,546,730,264,100,635,2,3,244,96,987,76.1
20K490,798,401,1281,235,1464,1441,2532,2006,162,33,27,7,20,6,65,59,Fort Hamilton High School,2017-18,4582,2190,2391,1242,174,1430,8,9,1645,676,3350,73.4
20K505,1024,358,1286,307,1245,756,1983,1669,855,411,336,147,189,75,208,225,Franklin Delano Roosevelt High School,2017-18,3061,1293,1768,1175,342,991,9,11,533,1021,2547,87.7
20K609,37,47,99,102,65,28,,295,7,6,4,0,4,2,0,1,Urban Assembly School for Leadership and Empowerme,2017-18,556,556,0,265,91,102,7,2,88,83,526,86.1
21K337,50,,17,22,19,13,41,31,67,35,29,0,29,6,12,19,International High School at Lafayette,2017-18,337,114,223,121,16,110,1,2,87,291,319,95
21K344,53,77,59,116,124,181,258,223,92,66,65,17,48,1,20,5,Rachel Carson High School for Coastal Studies,2017-18,639,285,354,97,110,139,2,2,283,92,439,75.6
21K348,1,14,4,96,34,16,127,34,10,4,3,0,3,1,1,2,High School of Sports Management,2017-18,242,37,204,16,115,69,1,6,31,27,195,81
21K410,267,306,362,982,595,807,1576,1219,564,264,209,14,195,55,176,112,Abraham Lincoln High School,2017-18,1998,770,1228,314,806,453,6,11,399,376,1588,82.5
21K468,9,42,22,94,63,146,179,148,10,9,6,0,6,3,1,0,Kingsborough Early College School,2017-18,657,310,346,49,158,192,4,2,244,10,475,65.2
21K525,319,352,852,1083,588,1350,1543,2442,657,555,534,142,392,21,60,15,Edward R. Murrow High School,2017-18,3789,2207,1581,954,863,790,13,14,1041,322,2690,67.6
21K540,452,286,1026,956,617,626,1550,1744,402,323,303,55,248,20,55,23,John Dewey High School,2017-18,2309,1129,1177,750,747,498,5,15,262,402,1944,80.6
21K559,4,3,0,24,23,6,24,29,38,34,34,0,34,0,2,2,Life Academy High School for Film and Music,2017-18,303,156,147,36,110,103,3,4,46,21,235,77.1
21K572,12,10,7,12,19,9,29,19,46,36,35,0,35,1,0,8,Leaders High School,2017-18,347,159,188,62,63,119,2,6,88,69,288,80.4
21K620,39,296,52,1168,308,102,1321,338,324,175,83,15,68,92,16,121,William E. Grady Career and Technical Education Hi,2017-18,458,97,361,23,277,105,3,4,42,36,412,77.8
21K690,36,195,72,119,120,474,416,379,33,16,8,0,8,8,4,5,Brooklyn Studio Secondary School,2017-18,942,473,469,202,33,275,2,2,420,150,730,75.3
21K728,3,21,5,84,52,24,99,66,86,33,27,0,27,6,13,40,Liberation Diploma Plus,2017-18,225,99,126,4,117,82,0,1,21,9,200,86.7
22K405,127,154,845,1512,314,987,1711,2062,18,6,6,2,4,0,6,5,Midwood High School,2017-18,4058,2284,1774,1447,1107,509,12,14,894,130,3057,65.9
22K425,314,336,655,955,527,2000,2304,1919,441,343,275,130,145,68,3,93,James Madison High School,2017-18,3657,1563,2094,723,619,638,11,21,1633,511,2830,66.3
22K535,11,87,97,201,99,498,499,471,15,14,10,1,9,4,1,0,Leon M. Goldstein High School for the Sciences,2017-18,1011,544,466,242,82,97,3,7,577,5,518,43.6
22K555,2,8,10,449,48,30,181,375,8,8,8,3,5,0,0,0,Brooklyn College Academy,2017-18,622,397,223,61,420,72,0,3,26,5,439,56.1
23K493,4,18,6,241,40,2,133,165,82,54,47,1,46,7,23,4,Brooklyn Collegiate: A College Board School,2017-18,271,115,156,3,228,34,0,4,2,18,257,81
23K514,4,17,1,158,36,2,90,126,5,5,4,0,4,1,0,0,Frederick Douglass Academy VII High School,2017-18,157,67,90,3,132,19,0,2,0,7,146,87.5
23K643,3,14,1,134,14,1,70,81,15,4,1,0,1,3,7,3,Brooklyn Democracy Academy,2017-18,230,98,132,3,185,37,0,3,2,6,195,85
23K644,10,81,0,295,38,2,336,0,72,47,43,4,39,4,25,0,Eagle Academy for Young Men II,2017-18,647,0,647,4,574,54,0,6,4,4,532,74.6
23K647,2,25,0,136,23,1,69,91,12,6,6,0,6,0,3,3,Metropolitan Diploma Plus High School,2017-18,217,100,117,1,188,24,1,2,1,4,202,86.9
23K697,4,51,2,493,66,5,225,350,61,43,40,2,38,3,9,6,Teachers Preparatory High School,2017-18,250,137,113,5,189,44,0,2,10,17,224,88.5
24Q264,18,7,19,14,54,9,44,64,9,7,7,1,6,0,0,2,Academy of Finance and Enterprise,2017-18,598,301,297,153,25,308,1,7,88,26,493,69.6
24Q267,19,15,22,18,51,18,52,61,92,73,58,6,52,15,6,12,High School of Applied Communication,2017-18,417,230,187,48,37,253,6,1,63,30,327,66.9
24Q293,16,15,9,13,91,8,64,57,6,6,6,2,4,0,0,0,Civic Leadership Academy,2017-18,529,278,249,66,34,351,1,0,33,31,411,75.3
24Q296,161,,1,0,171,0,87,85,68,41,40,0,40,1,17,10,Pan American International High School,2017-18,449,213,236,0,0,448,0,1,0,385,408,95
24Q299,,,62,50,58,54,92,165,50,49,49,0,49,0,0,0,Bard High School Early College Queens,2017-18,623,392,231,211,67,117,13,2,212,0,259,38.8
24Q455,1095,373,986,349,2536,197,2284,1854,967,433,277,139,138,156,325,199,Newtown High School,2017-18,1921,751,1170,509,143,1118,2,24,108,428,1565,80.1
24Q485,548,295,207,129,1891,770,1629,1429,602,307,291,32,259,16,203,77,Grover Cleveland High School,2017-18,1775,771,1004,173,98,1131,2,13,336,329,1302,76.8
24Q520,6,51,42,63,294,56,219,238,66,46,45,0,45,1,14,6,Middle College High School at LaGuardia Community,2017-18,510,251,259,47,13,396,1,4,49,6,362,74.1
24Q530,228,,158,11,237,63,221,254,107,105,105,0,105,0,2,0,International High School at LaGuardia Community C,2017-18,527,284,243,140,12,307,1,1,63,320,374,88.3
24Q550,126,67,45,55,645,34,364,432,14,10,7,0,7,3,1,3,High School for Arts and Business,2017-18,812,457,355,70,64,620,1,5,44,77,589,75.6
24Q560,13,39,57,87,258,87,222,281,21,11,2,0,2,9,3,5,"Robert F. Wagner, Jr. Secondary School for Arts an",2017-18,665,302,363,158,29,367,3,0,102,33,516,63.5
24Q585,13,20,49,12,114,72,116,132,237,235,234,102,132,1,1,1,Maspeth High School,2017-18,1196,608,588,211,16,515,0,5,382,21,772,53.7
24Q600,64,202,95,173,741,166,720,490,29,16,6,5,1,10,1,10,Queens Technical High School,2017-18,1546,581,965,173,74,1208,1,1,89,114,1324,76.6
24Q610,78,102,380,163,973,241,1626,237,370,359,350,182,168,9,4,5,Aviation Career & Technical Education High School,2017-18,2084,438,1646,762,91,938,2,18,206,62,1346,68.3
24Q744,13,3,12,43,83,11,85,66,91,14,8,0,8,6,63,11,VOYAGES Preparatory,2017-18,271,102,169,23,42,188,0,2,16,9,209,71.2
25Q252,18,61,187,84,130,88,225,268,14,13,13,6,7,0,1,0,"Queens School of Inquiry, The",2017-18,576,287,289,235,93,139,2,1,98,27,353,56.2
25Q263,354,6,220,4,168,8,221,179,53,31,28,0,28,3,11,11,Flushing International High School,2017-18,442,207,235,210,4,206,0,5,17,367,409,95
25Q281,86,49,339,101,117,23,317,265,74,66,64,11,53,2,5,3,East-West School of International Studies,2017-18,649,297,352,437,54,122,2,3,30,40,562,69.8
25Q285,3,83,82,40,129,194,183,262,28,25,22,1,21,3,3,0,World Journalism Preparatory: A College Board Scho,2017-18,567,343,224,85,21,202,4,1,248,9,323,44.2
25Q425,879,375,1150,708,1420,179,1734,1737,632,418,274,59,215,144,31,167,John Bowne High School,2017-18,3601,1779,1822,1053,670,1602,6,33,192,608,2775,76.2
25Q460,624,363,618,825,1551,101,1737,1376,689,459,437,83,354,22,61,154,Flushing High School,2017-18,1692,764,928,285,345,973,5,19,50,385,1292,78.6
25Q525,,4,571,66,133,307,335,773,304,304,304,301,3,0,0,0,Townsend Harris High School,2017-18,1141,801,340,662,59,123,14,12,231,0,632,38.9
25Q540,26,36,64,171,145,22,240,164,152,12,9,0,9,3,113,25,Queens Academy High School,2017-18,371,139,232,41,141,158,0,13,18,20,255,69.6
25Q670,48,111,208,84,250,196,395,344,33,28,25,5,20,3,2,3,Robert F. Kennedy Community High School,2017-18,756,344,412,273,96,264,1,5,101,88,612,70.3
25Q792,2,21,17,86,78,18,107,93,23,10,1,0,1,9,3,10,North Queens Community High School,2017-18,207,94,113,18,87,78,1,3,20,11,152,69.4
26Q415,240,448,1788,718,727,657,1853,2059,854,807,782,350,432,25,14,30,Benjamin N. Cardozo High School,2017-18,3699,1939,1759,1555,814,751,18,28,502,164,2488,51
26Q430,541,453,2171,351,1013,666,2061,2150,202,191,186,106,80,5,5,6,Francis Lewis High School,2017-18,4557,2249,2307,2575,279,953,10,22,718,459,3344,59.6
26Q435,202,288,577,1506,380,61,1372,1170,611,409,383,26,357,26,20,162,Martin Van Buren High School,2017-18,1174,526,647,350,516,199,1,57,45,145,916,67.6
26Q495,290,178,1465,686,635,745,1759,1864,268,214,202,157,45,13,37,15,Bayside High School,2017-18,3024,1440,1584,1295,352,801,12,14,528,221,2247,53.4
26Q566,12,94,265,268,125,193,413,501,44,39,10,1,9,29,3,2,"Queens High School of Teaching, Liberal Arts and t",2017-18,1073,524,549,222,592,154,5,22,71,29,602,41.2
27Q260,2,7,14,130,29,1,89,98,76,60,35,0,35,25,3,11,Frederick Douglass Academy VI High School,2017-18,349,176,173,7,184,148,2,3,4,65,279,88.5
27Q262,5,30,18,286,111,30,197,262,108,99,93,3,90,6,3,6,Channel View School for Research,2017-18,888,474,414,77,381,305,6,12,107,18,654,64.9
27Q302,6,7,1,34,11,3,31,24,45,32,27,2,25,5,1,12,"Queens High School for Information, Research, and",2017-18,443,150,293,29,171,225,1,7,9,118,329,84.9
27Q308,11,22,23,8,59,45,58,77,23,16,7,0,7,9,0,5,Robert H. Goddard High School of Communication Art,2017-18,621,324,297,163,52,238,0,18,137,22,470,57.2
27Q309,10,11,16,61,32,3,47,68,65,42,41,1,40,1,21,2,Academy of Medical Technology: A College Board Sch,2017-18,639,314,325,40,276,279,2,15,25,110,511,80.8
27Q323,1,5,112,122,73,290,289,313,118,117,117,114,3,0,0,1,Scholars' Academy,2017-18,1376,789,587,270,231,274,9,14,578,1,662,34.6
27Q324,16,38,8,103,58,31,121,82,90,58,48,1,47,10,14,18,Rockaway Park High School for Environmental Sustai,2017-18,303,128,175,13,141,103,2,4,29,26,271,79.9
27Q351,8,23,6,52,28,4,53,45,62,44,38,0,38,6,2,16,Rockaway Collegiate High School,2017-18,329,159,170,18,172,108,0,4,17,32,264,78.1
27Q400,52,195,82,1094,158,22,770,596,39,2,0,0,0,2,8,20,August Martin High School,2017-18,334,142,192,34,229,45,3,16,4,27,288,76.6
27Q475,538,376,1171,482,1716,183,1863,1756,139,78,35,4,31,43,7,48,Richmond Hill High School,2017-18,1681,769,912,533,204,788,2,75,69,415,1362,79.3
27Q480,227,355,969,911,1092,259,1819,1539,130,61,54,1,53,7,29,38,John Adams High School,2017-18,2281,1015,1266,776,523,775,16,117,68,386,1854,77.6
27Q650,5,8,54,26,78,21,148,48,208,203,203,48,155,0,0,5,"High School for Construction Trades, Engineering a",2017-18,1027,344,683,322,102,351,3,33,128,23,630,54.6
28Q284,,26,62,228,31,3,170,158,33,33,33,12,21,0,0,0,York Early College Academy,2017-18,646,362,284,181,327,53,2,55,10,7,481,51.8
28Q310,2,16,30,39,14,3,52,35,88,69,69,9,60,0,18,1,Queens Collegiate: A College Board School,2017-18,671,326,345,187,313,107,2,42,11,51,590,68.6
28Q325,11,11,26,45,15,4,45,48,13,6,6,0,6,0,6,1,Hillside Arts & Letters Academy,2017-18,467,257,210,106,193,128,3,22,7,64,381,71.6
28Q328,10,9,15,41,20,5,41,41,74,68,68,12,56,0,0,4,High School for Community Leadership,2017-18,469,229,240,110,163,129,0,23,25,72,387,70.6
28Q338,5,16,1,161,55,8,124,143,135,32,24,0,24,8,18,83,Queens Satellite High School for Opportunity,2017-18,208,103,105,17,116,38,0,23,14,8,187,75.1
28Q350,10,16,101,82,34,6,104,120,7,5,5,1,4,0,1,1,Jamaica Gateway to the Sciences,2017-18,511,268,243,200,186,67,3,15,13,58,386,67.7
28Q440,381,257,819,396,942,1420,1813,1876,98,74,45,6,39,29,3,17,Forest Hills High School,2017-18,3783,1966,1814,900,307,1313,15,30,1122,291,2800,58.6
28Q505,349,253,829,1616,718,87,1380,1949,161,79,44,5,39,35,38,43,Hillcrest High School,2017-18,3367,1757,1610,1010,975,1126,3,130,122,547,2804,73.8
28Q620,41,270,1145,580,527,82,1557,795,423,379,367,162,205,12,37,5,Thomas A. Edison Career and Technical Education Hi,2017-18,2133,747,1386,1003,406,498,5,116,94,51,1733,61.2
28Q680,1,,193,283,90,15,216,380,67,65,65,41,24,0,0,1,Queens Gateway to Health Sciences Secondary School,2017-18,690,377,312,349,187,67,2,41,29,9,436,55.5
28Q686,8,60,72,28,138,173,200,211,301,288,285,80,205,3,0,12,Queens Metropolitan High School,2017-18,1091,516,575,108,36,490,6,4,447,34,673,47.8
28Q687,2,1,195,74,38,38,190,186,98,96,96,91,5,0,2,0,Queens High School for the Sciences at York Colleg,2017-18,473,209,264,383,20,20,1,3,28,0,305,47.7
28Q690,2,49,21,442,97,15,256,338,19,12,12,0,12,0,4,3,High School for Law Enforcement and Public Safety,2017-18,498,229,269,50,305,113,0,13,11,28,365,72
28Q896,2,17,42,206,48,2,,301,46,45,41,7,34,4,1,0,"Young Women''s Leadership School, Queens",2017-18,563,563,0,206,247,66,3,15,13,8,446,61.2
29Q248,10,41,13,307,28,4,186,172,81,62,59,9,50,3,3,15,Queens Preparatory Academy,2017-18,415,202,213,14,344,39,0,3,4,38,332,65.9
29Q259,1,8,10,109,11,2,70,76,85,57,48,8,40,9,26,1,Pathways College Preparatory School: A College Boa,2017-18,583,289,294,33,499,29,5,7,7,22,437,50.8
29Q265,4,19,7,162,17,4,96,116,5,4,4,0,4,0,0,1,Excelsior Preparatory High School,2017-18,483,209,274,13,391,43,1,7,9,28,341,58.4
29Q272,15,21,26,208,53,8,161,143,120,114,113,23,90,1,2,4,George Washington Carver High School for the Scien,2017-18,468,249,219,25,349,74,0,10,3,31,344,67.2
29Q283,2,4,1,87,12,1,49,56,40,30,19,0,19,11,5,5,Preparatory Academy for Writers: A College Board S,2017-18,588,317,271,15,520,31,1,9,4,9,410,54.3
29Q326,3,11,2,62,10,1,43,35,20,13,4,0,4,9,6,0,Cambria Heights Academy,2017-18,353,175,178,32,262,26,3,10,6,21,262,57.9
29Q492,15,44,68,397,41,10,329,213,102,82,60,22,38,22,3,17,"Mathematics, Science Research and Technology Magne",2017-18,415,153,262,57,277,55,0,12,7,31,320,68.4
29Q498,11,40,16,431,44,7,240,263,41,27,12,0,12,15,6,6,Humanities & Arts Magnet High School,2017-18,454,250,204,21,354,62,1,9,7,45,382,67.7
30Q286,20,15,93,18,151,71,,335,5,4,4,1,3,0,0,0,"Young Women''s Leadership School, Astoria",2017-18,565,565,0,196,41,223,1,4,100,24,486,72.3
30Q301,2,17,8,26,62,23,60,64,90,88,83,19,64,5,0,2,Academy for Careers in Television and Film,2017-18,565,290,275,33,69,309,3,3,115,11,291,53.5
30Q445,774,321,941,337,1674,531,1891,1625,377,287,270,71,199,17,53,34,William Cullen Bryant High School,2017-18,2394,1074,1320,631,161,1194,10,20,357,402,2051,79.7
30Q450,436,429,626,569,2074,526,1993,1831,375,231,212,20,192,19,18,101,Long Island City High School,2017-18,2256,1182,1074,342,235,1485,7,15,147,264,1821,80.2
30Q501,4,13,33,103,134,220,178,391,73,65,57,0,57,8,8,0,Frank Sinatra School of the Arts High School,2017-18,831,565,266,89,123,291,9,6,302,4,345,40.1
30Q502,92,57,106,135,364,92,411,313,193,154,149,15,134,5,21,17,Information Technology High School,2017-18,1007,220,787,196,118,594,3,10,86,81,860,78.3
30Q555,778,,311,26,656,86,546,534,136,127,127,45,82,0,4,4,Newcomers High School,2017-18,911,412,499,270,9,570,0,6,56,723,837,95
30Q575,25,35,176,66,180,147,267,341,83,77,70,25,45,7,0,6,Academy of American Studies,2017-18,1038,600,438,256,51,357,5,0,369,31,720,55.2
30Q580,3,,94,72,109,125,165,245,58,58,58,8,50,0,0,0,Baccalaureate School for Global Education,2017-18,540,316,224,249,20,92,23,2,154,6,237,39.6
31R047,,10,11,19,17,65,50,64,126,126,115,32,83,11,0,0,CSI High School for International Studies,2017-18,495,306,187,71,39,97,6,4,278,1,244,35.6
31R064,5,34,6,33,28,65,61,73,59,56,51,10,41,5,0,2,Gaynor McCown Expeditionary Learning School,2017-18,439,240,197,12,34,97,9,1,286,2,202,34.9
31R080,17,107,90,198,186,754,638,595,102,95,95,27,68,0,5,1,The Michael J. Petrides School,2017-18,1313,617,696,114,278,311,10,3,561,18,633,45.3
31R440,127,383,166,473,502,1302,1251,1235,34,12,6,0,6,6,8,10,New Dorp High School,2017-18,3045,1477,1567,275,319,843,24,10,1545,134,1846,54.6
31R445,117,349,184,690,724,894,1311,1272,247,172,157,33,124,15,4,51,Port Richmond High School,2017-18,1549,742,807,114,353,682,17,11,372,123,1158,71.3
31R450,133,350,170,906,734,888,1317,1390,95,67,26,2,24,41,6,20,Curtis High School,2017-18,2587,1437,1150,166,934,1051,16,16,387,206,1996,73.5
31R455,63,375,257,97,324,3123,1939,1931,986,825,725,307,418,100,81,66,Tottenville High School,2017-18,3808,1909,1898,213,60,453,9,11,3020,47,1417,32.1
31R460,90,502,408,377,579,1682,1612,1544,305,224,151,58,93,75,9,55,Susan E. Wagner High School,2017-18,3284,1651,1633,474,364,883,19,19,1523,90,1865,51.6
31R470,12,18,4,59,50,35,79,69,18,2,0,0,0,2,9,6,Concord High School,2017-18,172,87,85,2,49,76,2,3,40,2,124,74.5
31R600,19,186,28,280,214,195,474,276,5,2,1,1,0,1,0,1,Ralph R. McKee Career and Technical Education High,2017-18,792,164,628,41,212,368,2,3,154,50,547,69.7
31R605,,1,104,6,27,535,374,414,13,13,13,13,0,0,0,0,Staten Island Technical High School,2017-18,1320,590,730,639,10,36,2,5,592,0,555,35.6
32K168,5,3,3,21,17,0,26,17,57,48,45,9,36,3,1,7,The Brooklyn School for Math and Research,2017-18,269,107,162,15,127,109,0,1,11,26,243,82.7
32K403,16,5,1,20,82,1,51,55,15,12,4,0,4,8,0,3,Academy for Excellence in Leadership,2017-18,272,127,145,10,48,204,0,0,10,102,252,91.3
32K545,68,60,7,75,521,8,275,381,94,70,63,2,61,7,10,13,EBC High School for Public Service - Bushwick,2017-18,498,235,263,4,42,439,0,0,11,105,451,91.9
32K549,52,53,3,97,237,1,167,180,57,36,35,1,34,1,12,7,The Brooklyn School for Social Justice,2017-18,364,170,194,4,69,275,1,2,11,118,310,92.1
32K552,69,47,5,112,239,3,193,170,85,50,39,4,35,11,12,21,The Academy of Urban Planning and Engineering,2017-18,197,85,112,2,35,154,0,0,4,51,187.15,91.2
32K554,10,15,6,53,174,1,120,117,5,3,3,0,3,0,2,0,All City Leadership Secondary School,2017-18,435,241,194,31,36,332,0,0,35,7,373,70.8
32K556,58,35,5,54,231,1,122,178,77,48,43,0,43,5,12,11,Bushwick Leaders High School for Academic Excellen,2017-18,281,126,155,2,48,222,0,0,3,75,266.95,92.7
32K564,14,21,2,132,219,4,158,199,173,50,39,0,39,11,61,57,Bushwick Community High School,2017-18,263,126,137,0,81,177,0,0,5,19,226,90.7
